url,actual_label,predicted_label,error_type,phishing_score,url_length,hostname_length,path_length,query_length,path_depth,query_parameter_count,subdomain_count,uses_https,has_ip_host,has_port,has_query,digit_count,special_char_count,digit_ratio,special_char_ratio,hostname_digit_ratio,entropy,suspicious_keyword_count
https://www.genesis-foundation.org/,0,1,false_positive,0.8397730039175785,35,26,1,0,0,0,1,1,0,0,0,0,7,0.0,0.2,0.0,4.085588016574086,0
https://dsagtrjntr.shop/,1,0,false_negative,0.16688231345555996,24,15,1,0,0,0,0,1,0,0,0,0,5,0.0,0.20833333333333334,0.0,3.605388542207534,0
https://www.lifeandbrain.com/,0,1,false_positive,0.8298829422300716,29,20,1,0,0,0,1,1,0,0,0,0,6,0.0,0.20689655172413793,0.0,4.1852301329094015,0
https://www.audiofilemagazine.com/,0,1,false_positive,0.8416721572663763,34,25,1,0,0,0,1,1,0,0,0,0,6,0.0,0.17647058823529413,0.0,4.2339466645252255,0
https://biwako-seikei.jp/,0,1,false_positive,0.7536490082711664,25,16,1,0,0,0,0,1,0,0,0,0,6,0.0,0.24,0.0,3.863465189601646,0
https://www.newburghlibrary.org/,0,1,false_positive,0.6504887104031047,32,23,1,0,0,0,1,1,0,0,0,0,6,0.0,0.1875,0.0,4.038909765557392,0
https://www.duke-energy.com/,0,1,false_positive,0.6843298222448122,28,19,1,0,0,0,1,1,0,0,0,0,7,0.0,0.25,0.0,4.155045546825804,0
https://punjabmedicalcentrepvtltd.enic.pk/,0,1,false_positive,0.8884505733565469,42,33,1,0,0,0,1,1,0,0,0,0,6,0.0,0.14285714285714285,0.0,4.157214970851922,0
http://ssamzigil.com/memx/force_login/,1,0,false_negative,0.4143209722401383,38,13,18,0,2,0,0,0,0,0,0,0,8,0.0,0.21052631578947367,0.0,4.165837632423487,1
https://www.hospicesavannah.org/,0,1,false_positive,0.5919609618934167,32,23,1,0,0,0,1,1,0,0,0,0,6,0.0,0.1875,0.0,3.944548827786958,0
https://client-locker.com,1,0,false_negative,0.147143497551903,25,17,0,0,0,0,0,1,0,0,0,0,5,0.0,0.2,0.0,3.9434651896016457,0
https://www.axionbiosystems.com/,0,1,false_positive,0.6034778146706276,32,23,1,0,0,0,1,1,0,0,0,0,6,0.0,0.1875,0.0,3.9681390622295662,0
https://www.herbanaturalle.com/,0,1,false_positive,0.6338388533190669,31,22,1,0,0,0,1,1,0,0,0,0,6,0.0,0.1935483870967742,0.0,4.018081793978685,0
https://www.gusfoundation.org/,0,1,false_positive,0.544374487356172,30,21,1,0,0,0,1,1,0,0,0,0,6,0.0,0.2,0.0,3.9395722619867226,0
https://www.keliakialiitto.fi/liitto/in_english/,0,1,false_positive,0.6000221972210383,48,21,19,0,2,0,1,1,0,0,0,0,9,0.0,0.1875,0.0,3.8265535841814056,0
https://www.bundesverband-glaukom.de/,0,1,false_positive,0.9016504750175932,37,28,1,0,0,0,1,1,0,0,0,0,7,0.0,0.1891891891891892,0.0,4.317033095124793,0
https://www.veteranhomestead.org/,0,1,false_positive,0.5637708475353794,33,24,1,0,0,0,1,1,0,0,0,0,6,0.0,0.18181818181818182,0.0,3.907734270742486,0
https://curaden-dentaldepot.ch/,0,1,false_positive,0.8269281914887587,31,22,1,0,0,0,0,1,0,0,0,0,6,0.0,0.1935483870967742,0.0,3.9134007456613773,0
https://www.newportfestivals.org/,0,1,false_positive,0.6301996413847314,33,24,1,0,0,0,1,1,0,0,0,0,6,0.0,0.18181818181818182,0.0,3.968340331348546,0
https://www.globalfamilydoctor.com/,0,1,false_positive,0.8090671976748456,35,26,1,0,0,0,1,1,0,0,0,0,6,0.0,0.17142857142857143,0.0,4.12872444526914,0
https://plasma-clean.com/,0,1,false_positive,0.7220359190118439,25,16,1,0,0,0,0,1,0,0,0,0,6,0.0,0.24,0.0,3.7834651896016465,0
https://refundservicedlsney.com/,1,0,false_negative,0.48546450909998756,32,23,1,0,0,0,0,1,0,0,0,0,5,0.0,0.15625,0.0,4.140319531114783,0
https://www.blackfynn.com/,0,1,false_positive,0.6387911240967068,26,17,1,0,0,0,1,1,0,0,0,0,6,0.0,0.23076923076923078,0.0,4.026986833359286,0
https://savebyseva.org/en/,0,1,false_positive,0.6493350011071672,26,14,4,0,1,0,0,1,0,0,0,0,6,0.0,0.23076923076923078,0.0,3.796217602590055,0
https://dbsq.pages.dev/,1,0,false_negative,0.029443890561765197,23,14,1,0,0,0,1,1,0,0,0,0,6,0.0,0.2608695652173913,0.0,3.6753108689123644,0
https://kitakami-fukushi.ac.jp/,0,1,false_positive,0.6036441397309669,31,22,1,0,0,0,0,1,0,0,0,0,7,0.0,0.22580645161290322,0.0,3.8646983261669603,0
https://www.murrayhillnyc.org/,0,1,false_positive,0.7855055342584683,30,21,1,0,0,0,1,1,0,0,0,0,6,0.0,0.2,0.0,4.0980685120588385,0
https://www.univ-reims.fr/biospect,0,1,false_positive,0.7570732227462255,34,17,9,0,1,0,1,1,0,0,0,0,7,0.0,0.20588235294117646,0.0,4.152920561520418,0
https://cityofmidlandmi.gov/library,0,1,false_positive,0.8876258089603384,35,19,8,0,1,0,0,1,0,0,0,0,5,0.0,0.14285714285714285,0.0,4.229003731107053,0
https://eurobioimaging.fi/FiAM,0,1,false_positive,0.8322879652361926,30,17,5,0,1,0,0,1,0,0,0,0,5,0.0,0.16666666666666666,0.0,4.161406329721843,0
https://www.viapo.it/dab/made-in-chin/index.html,1,0,false_negative,0.2883293995939896,48,12,28,0,3,0,1,1,0,0,0,0,11,0.0,0.22916666666666666,0.0,4.1735332098491895,0
https://clubmatador.com/en,0,1,false_positive,0.6399860264004377,26,15,3,0,1,0,0,1,0,0,0,0,5,0.0,0.19230769230769232,0.0,4.026986833359286,0
https://www.hauzertechnocoating.com/,0,1,false_positive,0.751612670022041,36,27,1,0,0,0,1,1,0,0,0,0,6,0.0,0.16666666666666666,0.0,4.065079515030718,0
https://www.fisherpaykel.com/,0,1,false_positive,0.8049628807336121,29,20,1,0,0,0,1,1,0,0,0,0,6,0.0,0.20689655172413793,0.0,4.116264615668023,0
https://www.atlasantibodies.com/,0,1,false_positive,0.6034778146706276,32,23,1,0,0,0,1,1,0,0,0,0,6,0.0,0.1875,0.0,3.9681390622295662,0
https://www.nicenergy.com/us,0,1,false_positive,0.6202195277364999,28,17,3,0,1,0,1,1,0,0,0,0,6,0.0,0.21428571428571427,0.0,4.039148671903071,0
http://ww25.ww25.redmine-sfr-mobile.circet.net/,1,0,false_negative,0.3186358057712746,47,39,1,0,0,0,3,0,0,0,0,4,10,0.0851063829787234,0.2127659574468085,0.10256410256410256,4.238114320168547,0
https://www.comunidad.madrid/hospital/clinicosancarlos/,0,1,false_positive,0.5460914923332502,55,20,27,0,2,0,1,1,0,0,0,0,8,0.0,0.14545454545454545,0.0,4.03866023294349,0
https://www.unicaen.fr/laboratoire/ur-7480-vertige-extreme-vertex/,0,1,false_positive,0.6843500289945195,66,14,44,0,2,0,1,1,0,0,0,4,12,0.06060606060606061,0.18181818181818182,0.0,4.384320067045755,0
https://www.lewishamandgreenwich.nhs.uk/visitinghours,0,1,false_positive,0.5154204544378022,53,31,14,0,1,0,2,1,0,0,0,0,7,0.0,0.1320754716981132,0.0,4.1909749468952535,0
https://consumilhas.digital,1,0,false_negative,0.12575243481862775,27,19,0,0,0,0,0,1,0,0,0,0,4,0.0,0.14814814814814814,0.0,3.9302703722934544,0
https://www.cascadetechnologies.com/,0,1,false_positive,0.6861185479540116,36,27,1,0,0,0,1,1,0,0,0,0,6,0.0,0.16666666666666666,0.0,3.988554862192845,0
https://en.fullshoot.icu/,1,0,false_negative,0.165257236642122,25,16,1,0,0,0,1,1,0,0,0,0,6,0.0,0.24,0.0,3.7834651896016465,0
https://www.marshfieldclinic.org/,0,1,false_positive,0.834538751158024,33,24,1,0,0,0,1,1,0,0,0,0,6,0.0,0.18181818181818182,0.0,4.187889194919351,0
https://univ-internationale.com/fr,0,1,false_positive,0.8019926518641239,34,23,3,0,1,0,0,1,0,0,0,0,6,0.0,0.17647058823529413,0.0,4.101881223476018,0
https://unitychainconnect.rf.gd/wallet.html,1,0,false_negative,0.4708681039666096,43,23,12,0,1,0,1,1,0,0,0,0,7,0.0,0.16279069767441862,0.0,4.187097021791765,0
https://www.juedisches-krankenhaus.de/home.html,0,1,false_positive,0.5266419215653049,47,29,10,0,1,0,1,1,0,0,0,0,8,0.0,0.1702127659574468,0.0,4.2303584057727965,0
https://www.omni-guide.com/,0,1,false_positive,0.5734567393172767,27,18,1,0,0,0,1,1,0,0,0,0,7,0.0,0.25925925925925924,0.0,4.032303242743954,0
https://www.svarlifescience.com/,0,1,false_positive,0.7638517357222842,32,23,1,0,0,0,1,1,0,0,0,0,6,0.0,0.1875,0.0,4.069548827786958,0
https://letiste-vodochody.cz/,0,1,false_positive,0.7615371806588019,29,20,1,0,0,0,0,1,0,0,0,0,6,0.0,0.20689655172413793,0.0,3.909368063943885,0
https://www.beezfoundation.org/,0,1,false_positive,0.8217454420685404,31,22,1,0,0,0,1,1,0,0,0,0,6,0.0,0.1935483870967742,0.0,4.147114052043201,0
https://www.denalitherapeutics.com/,0,1,false_positive,0.7951506094147415,35,26,1,0,0,0,1,1,0,0,0,0,6,0.0,0.17142857142857143,0.0,4.093149802473811,0
https://www.kompetenznetz-leukaemie.de/,0,1,false_positive,0.8723610818295056,39,30,1,0,0,0,1,1,0,0,0,0,7,0.0,0.1794871794871795,0.0,4.024857104535834,0
https://www.dignityhealth.org/arizona/locations/stjosephs,0,1,false_positive,0.7228344880550628,57,21,28,0,3,0,1,1,0,0,0,0,8,0.0,0.14035087719298245,0.0,4.151337883779402,0
https://mass.revewt.cc/us/,1,0,false_negative,0.2690449980232634,26,14,4,0,1,0,1,1,0,0,0,0,7,0.0,0.2692307692307692,0.0,3.671405583442497,0
https://universidadebrasil.edu.br/,0,1,false_positive,0.539290683901577,34,25,1,0,0,0,0,1,0,0,0,0,6,0.0,0.17647058823529413,0.0,3.954247399692081,0
https://tt.reviewshake.com/,1,0,false_negative,0.37020517954114723,27,18,1,0,0,0,1,1,0,0,0,0,6,0.0,0.2222222222222222,0.0,3.8841550945958057,0
https://ulsb.weebly.com/,1,0,false_negative,0.18290144712015277,24,15,1,0,0,0,1,1,0,0,0,0,6,0.0,0.25,0.0,3.886842188131012,0
https://coeminerals.org.au/,0,1,false_positive,0.6142266770902478,27,18,1,0,0,0,0,1,0,0,0,0,6,0.0,0.2222222222222222,0.0,4.060262039120378,0
https://belmehanobrchermet.tiu.ru/,0,1,false_positive,0.6252401496455892,34,25,1,0,0,0,1,1,0,0,0,0,6,0.0,0.17647058823529413,0.0,3.962031591059445,0
https://www.doctorshosplaredo.com/,0,1,false_positive,0.5134827463215261,34,25,1,0,0,0,1,1,0,0,0,0,6,0.0,0.17647058823529413,0.0,3.8336631211594367,0
https://catolicasmexico.org/ns/,0,1,false_positive,0.6159372702632875,31,19,4,0,1,0,0,1,0,0,0,0,6,0.0,0.1935483870967742,0.0,3.953565664946427,0
https://www.zeppelin-university.com/,0,1,false_positive,0.8592803490065176,36,27,1,0,0,0,1,1,0,0,0,0,7,0.0,0.19444444444444445,0.0,4.210777084415067,0
https://b-kokshaga.ru/,0,1,false_positive,0.6090567035156341,22,13,1,0,0,0,0,1,0,0,0,0,6,0.0,0.2727272727272727,0.0,3.7887549139935026,0
https://www.serestherapeutics.com/,0,1,false_positive,0.5099935634947123,34,25,1,0,0,0,1,1,0,0,0,0,6,0.0,0.17647058823529413,0.0,3.8077635764171944,0
http://ukhnet.com/files/,1,0,false_negative,0.1013190895379874,24,10,7,0,1,0,0,0,0,0,0,0,6,0.0,0.25,0.0,3.8868421881310122,0
https://www.soltech-go-hybrid.de,0,1,false_positive,0.8351569923049478,32,24,0,0,0,0,1,1,0,0,0,0,7,0.0,0.21875,0.0,4.116729296672174,0
https://energiakademiet.dk/en/,0,1,false_positive,0.5446830532563185,30,18,4,0,1,0,0,1,0,0,0,0,6,0.0,0.2,0.0,3.7614063297218423,0
https://www.akersolutions.com/,0,1,false_positive,0.6799484162530147,30,21,1,0,0,0,1,1,0,0,0,0,6,0.0,0.2,0.0,4.047742678581274,0
https://www.boehringer-ingelheim.com/,0,1,false_positive,0.8809895527114702,37,28,1,0,0,0,1,1,0,0,0,0,7,0.0,0.1891891891891892,0.0,4.100816878908575,0
https://www.madisongroup.com/,0,1,false_positive,0.6542470615343617,29,20,1,0,0,0,1,1,0,0,0,0,6,0.0,0.20689655172413793,0.0,4.021268494903765,0
https://www.airliquide.com/united-kingdom,0,1,false_positive,0.782226854236417,41,18,15,0,1,0,1,1,0,0,0,0,7,0.0,0.17073170731707318,0.0,4.317815651371969,0
http://www.sanfordhealth.org/Locations/1834119252,0,1,false_positive,0.5456855825784749,49,21,21,0,2,0,1,0,0,0,0,10,7,0.20408163265306123,0.14285714285714285,0.0,4.532678211285537,0
https://www.aphp.fr/contenu/hopital-marin-de-hendaye-1,0,1,false_positive,0.6841095516737649,54,11,35,0,2,0,1,1,0,0,0,1,11,0.018518518518518517,0.2037037037037037,0.0,4.296463659530812,0
https://www2.madisonschools.k12.va.us/,0,1,false_positive,0.7001154049104861,38,29,1,0,0,0,3,1,0,0,0,3,8,0.07894736842105263,0.21052631578947367,0.10344827586206896,4.145972171840238,0
https://www.acura-kliniken-albstadt.de/,0,1,false_positive,0.9621106875553805,39,30,1,0,0,0,1,1,0,0,0,0,8,0.0,0.20512820512820512,0.0,4.169766962341045,0
https://www.cambridgelib.org/,0,1,false_positive,0.8049628807336121,29,20,1,0,0,0,1,1,0,0,0,0,6,0.0,0.20689655172413793,0.0,4.1162646156680225,0
https://www.supershineuniversity.net/,0,1,false_positive,0.5607586202044719,37,28,1,0,0,0,1,1,0,0,0,0,6,0.0,0.16216216216216217,0.0,3.776492554584251,0
https://www.mindandlife.org/,0,1,false_positive,0.7922782439244552,28,19,1,0,0,0,1,1,0,0,0,0,6,0.0,0.21428571428571427,0.0,4.110577243331643,0
https://gmxtobb.weebly.com/,1,0,false_negative,0.407071776987263,27,18,1,0,0,0,1,1,0,0,0,0,6,0.0,0.2222222222222222,0.0,3.9302703722934544,0
https://www.bdrthermeagroup.com/,0,1,false_positive,0.6298183786384862,32,23,1,0,0,0,1,1,0,0,0,0,6,0.0,0.1875,0.0,4.030639062229566,0
https://www.theindonesianinstitute.com/,0,1,false_positive,0.6640540112745006,39,30,1,0,0,0,1,1,0,0,0,0,6,0.0,0.15384615384615385,0.0,3.835932346734535,0
https://shrodotorg.wordpress.com/,0,1,false_positive,0.5059676340470918,33,24,1,0,0,0,1,1,0,0,0,0,6,0.0,0.18181818181818182,0.0,3.677139104850461,0
https://www.cablackhealthnetwork.org/,0,1,false_positive,0.6613913473348108,37,28,1,0,0,0,1,1,0,0,0,0,6,0.0,0.16216216216216217,0.0,4.013111135723805,0
https://www.eastbelfastpartnership.org/,0,1,false_positive,0.7424522855645095,39,30,1,0,0,0,1,1,0,0,0,0,6,0.0,0.15384615384615385,0.0,3.948505667902822,0
https://correcaoitoken.com,1,0,false_negative,0.10451541227063585,26,18,0,0,0,0,0,1,0,0,0,0,4,0.0,0.15384615384615385,0.0,3.7962176025900556,0
http://telekom-privatkunden-de.com/,1,0,false_negative,0.11698202481978262,35,27,1,0,0,0,0,0,0,0,0,0,7,0.0,0.2,0.0,4.1362862311688655,0
https://www.byrrajufoundation.org/,0,1,false_positive,0.823823925032629,34,25,1,0,0,0,1,1,0,0,0,0,6,0.0,0.17647058823529413,0.0,4.152920561520418,0
https://grants.nih.gov/aboutoer/intro2oer.htm,0,1,false_positive,0.6730893986316757,45,14,23,0,2,0,1,1,0,0,0,1,8,0.022222222222222223,0.17777777777777778,0.0,3.9944291411018047,0
https://www.hospitalitaliano.org.ar/#!/edu/home/principal/inicio,0,1,false_positive,0.5114996617210795,64,27,1,0,0,0,1,1,0,0,0,0,13,0.0,0.203125,0.0,4.165623587245975,0
https://crj.univ-grenoble-alpes.fr,0,1,false_positive,0.5042234353763836,34,26,0,0,0,0,1,1,0,0,0,0,7,0.0,0.20588235294117646,0.0,4.337175341123076,0
https://www.sandiegounified.org/,0,1,false_positive,0.7342397687282812,32,23,1,0,0,0,1,1,0,0,0,0,6,0.0,0.1875,0.0,4.054229296672174,0
https://www.kirchenmusik-hochschule.org,0,1,false_positive,0.5235682336319348,39,31,0,0,0,0,1,1,0,0,0,0,6,0.0,0.15384615384615385,0.0,4.160420091146166,0
https://lasertex.eu/language/en/,0,1,false_positive,0.7742610973442352,32,11,13,0,2,0,0,1,0,0,0,0,7,0.0,0.21875,0.0,3.6647170014624826,0
https://www.linkedin.com/company/duro-felguera,0,1,false_positive,0.5638906671083445,46,16,22,0,2,0,1,1,0,0,0,0,8,0.0,0.17391304347826086,0.0,4.457919564564538,0
https://www.medizinisches-zentrum.de/,0,1,false_positive,0.8456415821859715,37,28,1,0,0,0,1,1,0,0,0,0,7,0.0,0.1891891891891892,0.0,4.026360459931184,0
https://www.maison-orbey.de/g/o/,1,0,false_negative,0.41999781912052925,32,19,5,0,2,0,1,1,0,0,0,0,9,0.0,0.28125,0.0,4.090018266288633,0
https://www.elena-international.com/,0,1,false_positive,0.8022183315487917,36,27,1,0,0,0,1,1,0,0,0,0,7,0.0,0.19444444444444445,0.0,3.9749375012019263,0
https://www.eew-energyfromwaste.com,0,1,false_positive,0.509588140804493,35,27,0,0,0,0,1,1,0,0,0,0,6,0.0,0.17142857142857143,0.0,3.987163918343905,0
https://www.politicheagricole.it/flex/cm/pages/ServeBLOB.php/L/IT/IDPagina/202,0,1,false_positive,0.667995097979063,78,24,46,0,8,0,1,1,0,0,0,3,14,0.038461538461538464,0.1794871794871795,0.0,4.612611681489749,0
https://www.filamentgames.com/,0,1,false_positive,0.6402723747364852,30,21,1,0,0,0,1,1,0,0,0,0,6,0.0,0.2,0.0,4.0062389286533895,0
https://sunnybrook.ca/research/,0,1,false_positive,0.826100753380002,31,13,10,0,1,0,0,1,0,0,0,0,6,0.0,0.1935483870967742,0.0,3.9377519554085865,0
https://www.daytonfoundation.org/,0,1,false_positive,0.6205888970193361,33,24,1,0,0,0,1,1,0,0,0,0,6,0.0,0.18181818181818182,0.0,3.945464952495108,0
https://www.nationalskillscoalition.org/,0,1,false_positive,0.6643247287527533,40,31,1,0,0,0,1,1,0,0,0,0,6,0.0,0.15,0.0,3.877567157116928,0
https://lrobl.com/,1,0,false_negative,0.03237026088453514,18,9,1,0,0,0,0,1,0,0,0,0,5,0.0,0.2777777777777778,0.0,3.5724312513221195,0
https://selectionlocker.com/,1,0,false_negative,0.27295480307757497,28,19,1,0,0,0,0,1,0,0,0,0,5,0.0,0.17857142857142858,0.0,3.8154107252426988,0
https://coastaltourismacademy.co.uk/,0,1,false_positive,0.5981360614530733,36,27,1,0,0,0,0,1,0,0,0,0,6,0.0,0.16666666666666666,0.0,4.030493056757482,0
https://curie.fr/unite/u900,0,1,false_positive,0.6809280874430764,27,8,11,0,2,0,0,1,0,0,0,3,6,0.1111111111111111,0.2222222222222222,0.0,3.810081020521731,0
https://www.htgmolecular.com/,0,1,false_positive,0.5478640172698723,29,20,1,0,0,0,1,1,0,0,0,0,6,0.0,0.20689655172413793,0.0,3.952302977662386,0
https://www.texarkanacollege.edu/,0,1,false_positive,0.7892054897020094,33,24,1,0,0,0,1,1,0,0,0,0,6,0.0,0.18181818181818182,0.0,4.104407755459851,0
https://www.leadersinsecurity.org/,0,1,false_positive,0.7957864013691287,34,25,1,0,0,0,1,1,0,0,0,0,6,0.0,0.17647058823529413,0.0,4.130717987927374,0
https://www.pekinpubliclibrary.org/,0,1,false_positive,0.8519416742102035,35,26,1,0,0,0,1,1,0,0,0,0,6,0.0,0.17142857142857143,0.0,4.221441945207327,0
https://www.fielddiagnostics.com/,0,1,false_positive,0.7812869465780148,33,24,1,0,0,0,1,1,0,0,0,0,6,0.0,0.18181818181818182,0.0,4.081532376606413,0
https://www.edreform.com/home-page/,0,1,false_positive,0.5022198292971499,35,16,11,0,1,0,1,1,0,0,0,0,8,0.0,0.22857142857142856,0.0,3.9788640881880966,0
https://www.suvieyehospital.com/,0,1,false_positive,0.6298183786384862,32,23,1,0,0,0,1,1,0,0,0,0,6,0.0,0.1875,0.0,4.030639062229566,0
https://www.stjosephshealth.org/sjrmc,0,1,false_positive,0.594280775862551,37,23,6,0,1,0,1,1,0,0,0,0,6,0.0,0.16216216216216217,0.0,3.881901595932633,0
https://oqz.vym.mybluehost.me/cal,1,0,false_negative,0.2206324297881296,33,21,4,0,1,0,2,1,0,0,0,0,7,0.0,0.21212121212121213,0.0,4.104407755459852,0
https://www.originsprojectfoundation.org/,0,1,false_positive,0.8231765446197921,41,32,1,0,0,0,1,1,0,0,0,0,6,0.0,0.14634146341463414,0.0,4.104281809855787,0
https://www.gkv-spitzenverband.de/,0,1,false_positive,0.8221015780565586,34,25,1,0,0,0,1,1,0,0,0,0,7,0.0,0.20588235294117646,0.0,4.17512313511346,0
https://leibniz-gwzo.de/de,0,1,false_positive,0.8165423800085518,26,15,3,0,1,0,0,1,0,0,0,0,6,0.0,0.23076923076923078,0.0,4.026986833359286,0
https://www.giftstoshareinc.org/,0,1,false_positive,0.5388093888605007,32,23,1,0,0,0,1,1,0,0,0,0,6,0.0,0.1875,0.0,3.9292292966721747,0
https://www.miha-bodytec.com/en/,0,1,false_positive,0.5787455885629588,32,20,4,0,1,0,1,1,0,0,0,0,8,0.0,0.25,0.0,4.077819531114783,0
https://www.fremontbank.com/,0,1,false_positive,0.6576795550501214,28,19,1,0,0,0,1,1,0,0,0,0,6,0.0,0.21428571428571427,0.0,4.012188403968661,1
https://www.ruralsupportpartners.com/,0,1,false_positive,0.5634837664425085,37,28,1,0,0,0,1,1,0,0,0,0,6,0.0,0.16216216216216217,0.0,3.861499231009296,0
https://www.publichealthscotland.scot/,0,1,false_positive,0.7132929562790568,38,29,1,0,0,0,1,1,0,0,0,0,6,0.0,0.15789473684210525,0.0,3.981112632195753,0
https://www.arcticborderlands.org/,0,1,false_positive,0.7759111054634049,34,25,1,0,0,0,1,1,0,0,0,0,6,0.0,0.17647058823529413,0.0,4.079678649882975,0
https://www.dolphin-design.fr/,0,1,false_positive,0.7104751087831768,30,21,1,0,0,0,1,1,0,0,0,0,7,0.0,0.23333333333333334,0.0,4.056564762130954,0
https://potomac.edu/learning/virginia-university/,0,1,false_positive,0.695508943369992,49,11,30,0,2,0,0,1,0,0,0,0,8,0.0,0.16326530612244897,0.0,4.198708252579409,0
https://identite-subjectivite.unicaen.fr,0,1,false_positive,0.550580218705452,40,32,0,0,0,0,1,1,0,0,0,0,6,0.0,0.15,0.0,3.9848295085032603,0
https://www.alpenforschung.de/,0,1,false_positive,0.8012061837151089,30,21,1,0,0,0,1,1,0,0,0,0,6,0.0,0.2,0.0,4.123231428797621,0
https://www.herrenknecht-vertical.com/,0,1,false_positive,0.8912207481321903,38,29,1,0,0,0,1,1,0,0,0,0,7,0.0,0.18421052631578946,0.0,4.0959686315799715,0
https://phila.revenue-sc.cc/us/,1,0,false_negative,0.40914276574538777,31,19,4,0,1,0,1,1,0,0,0,0,8,0.0,0.25806451612903225,0.0,3.9134007456613777,0
https://www.mathforamerica.org/,0,1,false_positive,0.5044827791918883,31,22,1,0,0,0,1,1,0,0,0,0,6,0.0,0.1935483870967742,0.0,3.9292144551992183,0
https://www.montclairartmuseum.org/,0,1,false_positive,0.7704519203990274,35,26,1,0,0,0,1,1,0,0,0,0,6,0.0,0.17142857142857143,0.0,4.071581588126283,0
https://www.stealthbiosciences.com/,0,1,false_positive,0.5935847699825448,35,26,1,0,0,0,1,1,0,0,0,0,6,0.0,0.17142857142857143,0.0,3.900153016697712,0
https://vib.be/vib-ugent-center-plant-systems-biology,0,1,false_positive,0.5329107035614801,53,6,39,0,1,0,0,1,0,0,0,0,10,0.0,0.18867924528301888,0.0,4.199737087399219,0
http://cress-umr1153.fr,0,1,false_positive,0.6555060797521967,23,16,0,0,0,0,0,0,0,0,0,4,5,0.17391304347826086,0.21739130434782608,0.25,3.9690016298759936,0
https://www.preferred-networks.jp/,0,1,false_positive,0.757462911281676,34,25,1,0,0,0,1,1,0,0,0,0,7,0.0,0.20588235294117646,0.0,3.8443845322359156,0
https://www.cio-koeln-bonn.de/,0,1,false_positive,0.8426185241707494,30,21,1,0,0,0,1,1,0,0,0,0,8,0.0,0.26666666666666666,0.0,4.006238928653389,0
https://www.bakerhughes.com/,0,1,false_positive,0.6349561183590634,28,19,1,0,0,0,1,1,0,0,0,0,6,0.0,0.21428571428571427,0.0,4.01218840396866,0
https://www.bostondynamics.com/,0,1,false_positive,0.5044827791918883,31,22,1,0,0,0,1,1,0,0,0,0,6,0.0,0.1935483870967742,0.0,3.9292144551992183,0
https://www.brainwavebank.com/,0,1,false_positive,0.8088935070688738,30,21,1,0,0,0,1,1,0,0,0,0,6,0.0,0.2,0.0,4.056564762130954,1
https://verificacredem.online/,1,0,false_negative,0.47119744777484796,30,21,1,0,0,0,0,1,0,0,0,0,5,0.0,0.16666666666666666,0.0,4.056564762130954,0
https://geodis.com/us/agency/geodis-slovensko-sro,0,1,false_positive,0.5720857753219449,49,10,31,0,3,0,0,1,0,0,0,0,9,0.0,0.1836734693877551,0.0,4.154999896455403,0
https://www.cureblindness.org/,0,1,false_positive,0.7855055342584683,30,21,1,0,0,0,1,1,0,0,0,0,6,0.0,0.2,0.0,4.0980685120588385,0
https://www.drvtechnologies.com/,0,1,false_positive,0.7832271693397805,32,23,1,0,0,0,1,1,0,0,0,0,6,0.0,0.1875,0.0,4.093139062229566,0
https://nett.minside.my/pass/info.html,1,0,false_negative,0.15423906065202822,38,15,15,0,2,0,1,1,0,0,0,0,8,0.0,0.21052631578947367,0.0,3.8629488165201464,0
https://gmxew.weebly.com/,1,0,false_negative,0.4260235569419446,25,16,1,0,0,0,1,1,0,0,0,0,6,0.0,0.24,0.0,3.9434651896016466,0
https://canalrivertrust.org.uk/,0,1,false_positive,0.5212664377212163,31,22,1,0,0,0,0,1,0,0,0,0,6,0.0,0.1935483870967742,0.0,4.026619294188053,0
https://www.glaucoma-association.com/,0,1,false_positive,0.8458110951026313,37,28,1,0,0,0,1,1,0,0,0,0,7,0.0,0.1891891891891892,0.0,3.9723064058771302,0
http://wifiindo.com/gx/spazz/,1,0,false_negative,0.11357901731899103,29,12,10,0,2,0,0,0,0,0,0,0,7,0.0,0.2413793103448276,0.0,4.017824858003426,0
https://www.smibciosec.karonai.com,1,0,false_negative,0.29737831031758855,34,26,0,0,0,0,2,1,0,0,0,0,6,0.0,0.17647058823529413,0.0,4.013070929103845,0
https://www.worldsciencefestival.com/,0,1,false_positive,0.8330666331195811,37,28,1,0,0,0,1,1,0,0,0,0,6,0.0,0.16216216216216217,0.0,4.134468568039293,0
https://hopitauxnord-u-pariscite.aphp.fr,0,1,false_positive,0.8121762616478232,40,32,0,0,0,0,1,1,0,0,0,0,7,0.0,0.175,0.0,4.056198332810094,0
https://nationaltheatre.org.uk/my-nt,0,1,false_positive,0.917030934171365,36,22,6,0,1,0,0,1,0,0,0,0,7,0.0,0.19444444444444445,0.0,4.065079515030718,0
https://www.ibisreproductivehealth.org/,0,1,false_positive,0.8608210885044218,39,30,1,0,0,0,1,1,0,0,0,0,6,0.0,0.15384615384615385,0.0,4.143624654426843,0
http://lavessi.moderneccentric.com/wp-content/plugins/wp-respiratory-direct/index.php?r=bD1odHRwczovL2RxcmRidi5jb20v,1,0,false_negative,0.38023749084346414,116,27,51,30,4,1,1,0,0,0,1,5,15,0.04310344827586207,0.12931034482758622,0.0,4.809509065268879,0
https://www.doris-engineering.com/,0,1,false_positive,0.7553270304559804,34,25,1,0,0,0,1,1,0,0,0,0,7,0.0,0.20588235294117646,0.0,4.035273502696889,0
https://welwynarchaeologicalsociety.wordpress.com/,0,1,false_positive,0.9284217860360247,50,41,1,0,0,0,1,1,0,0,0,0,6,0.0,0.12,0.0,4.161076880026371,0
https://smartchainsys.web.app/,1,0,false_negative,0.4567725688876916,30,21,1,0,0,0,1,1,0,0,0,0,6,0.0,0.2,0.0,3.872905595320056,0
https://www.helios-gesundheit.de/kliniken/erfurt/,0,1,false_positive,0.6400384345614124,49,24,17,0,2,0,1,1,0,0,0,0,9,0.0,0.1836734693877551,0.0,4.101669732127093,0
https://shawwebccab.weebly.com/,1,0,false_negative,0.44032029484692137,31,22,1,0,0,0,1,1,0,0,0,0,6,0.0,0.1935483870967742,0.0,3.8646983261669603,0
https://ips-jaissle.de/,0,1,false_positive,0.649978464904488,23,14,1,0,0,0,0,1,0,0,0,0,6,0.0,0.2608695652173913,0.0,3.6211755429194716,0
https://www.allenfoundation.org/,0,1,false_positive,0.7638517357222842,32,23,1,0,0,0,1,1,0,0,0,0,6,0.0,0.1875,0.0,4.069548827786958,0
https://www.acemedicinasolidale.it/,0,1,false_positive,0.6606855377405928,35,26,1,0,0,0,1,1,0,0,0,0,6,0.0,0.17142857142857143,0.0,3.9357276594930415,0
https://www.essilorluxottica.com/,0,1,false_positive,0.6384988939330561,33,24,1,0,0,0,1,1,0,0,0,0,6,0.0,0.18181818181818182,0.0,3.98319563424773,0
http://dgs-bot-neodos.one,1,0,false_negative,0.15606569352920213,25,18,0,0,0,0,0,0,0,0,0,0,6,0.0,0.24,0.0,3.653660689688185,0
https://www.dextrauk.com/,0,1,false_positive,0.5779559934221625,25,16,1,0,0,0,1,1,0,0,0,0,6,0.0,0.24,0.0,3.9932696895151065,0
https://www.regionorebrolan.se/lindesberg/,0,1,false_positive,0.6683519498563565,42,22,12,0,1,0,1,1,0,0,0,0,7,0.0,0.16666666666666666,0.0,3.9963843160385055,0
https://bgac.weebly.com/,1,0,false_negative,0.3137100820274465,24,15,1,0,0,0,1,1,0,0,0,0,6,0.0,0.25,0.0,3.9701755214643453,0
https://mada.org.qa/en/Pages/default.aspx,0,1,false_positive,0.6778151773585688,41,11,22,0,3,0,0,1,0,0,0,0,9,0.0,0.21951219512195122,0.0,4.0858699195591175,0
https://telepzow.cn/,1,0,false_negative,0.1106259885425762,20,11,1,0,0,0,0,1,0,0,0,0,5,0.0,0.25,0.0,3.6464393446710153,0
https://www.banca-env.org/,0,1,false_positive,0.502434034151883,26,17,1,0,0,0,1,1,0,0,0,0,7,0.0,0.2692307692307692,0.0,4.026986833359286,0
https://bltdl.weebly.com/,1,0,false_negative,0.18072119077237395,25,16,1,0,0,0,1,1,0,0,0,0,6,0.0,0.24,0.0,3.8332696895151073,0
https://atttt.ulcraft.com/,1,0,false_negative,0.19030762976361995,26,17,1,0,0,0,1,1,0,0,0,0,6,0.0,0.23076923076923078,0.0,3.530963873657757,0
http://www.umrs1176.universite-paris-saclay.fr/,0,1,false_positive,0.504274267385084,47,39,1,0,0,0,2,0,0,0,0,4,9,0.0851063829787234,0.19148936170212766,0.10256410256410256,4.394390447146131,0
https://jobs.thermofisher.com/global/en/czech-republic,0,1,false_positive,0.5307928179826333,54,21,25,0,3,0,1,1,0,0,0,0,9,0.0,0.16666666666666666,0.0,4.292040864021043,0
https://bfa.u-paris.fr/equipe-3/,0,1,false_positive,0.5041048991055832,32,14,10,0,1,0,1,1,0,0,0,1,9,0.03125,0.28125,0.0,3.9764097655573916,0
https://mvr.gov.mk/default,0,1,false_positive,0.7136542431285209,26,10,8,0,1,0,0,1,0,0,0,0,6,0.0,0.23076923076923078,0.0,4.103909910282363,0
https://www.intelliprogroup.com/,0,1,false_positive,0.6327197534593931,32,23,1,0,0,0,1,1,0,0,0,0,6,0.0,0.1875,0.0,4.007048827786958,0
https://www.riversideca.gov/museum/,0,1,false_positive,0.7004886231207526,35,19,8,0,1,0,1,1,0,0,0,0,7,0.0,0.2,0.0,4.09314980247381,0
https://www.hurleyfoundation.org/,0,1,false_positive,0.8273824877951502,33,24,1,0,0,0,1,1,0,0,0,0,6,0.0,0.18181818181818182,0.0,4.165013816065913,0
https://www-irs-gov.de/i/,1,0,false_negative,0.33431528443921693,25,14,3,0,1,0,0,1,0,0,0,0,8,0.0,0.32,0.0,3.813660689688185,0
https://metaman.webflow.io/,1,0,false_negative,0.48106337413774164,27,18,1,0,0,0,1,1,0,0,0,0,6,0.0,0.2222222222222222,0.0,3.958229168669879,0
https://www.signalgenetics.com/,0,1,false_positive,0.5703277737342983,31,22,1,0,0,0,1,1,0,0,0,0,6,0.0,0.1935483870967742,0.0,3.953565664946427,0
https://www.severnglocon.com/,0,1,false_positive,0.5478640172698723,29,20,1,0,0,0,1,1,0,0,0,0,6,0.0,0.20689655172413793,0.0,3.952302977662386,0
https://www.theurologyfoundation.org/,0,1,false_positive,0.7973528778401386,37,28,1,0,0,0,1,1,0,0,0,0,6,0.0,0.16216216216216217,0.0,4.09811781214885,0
https://www.potomac-affinity-proteins.com/,0,1,false_positive,0.9577046025978053,42,33,1,0,0,0,1,1,0,0,0,0,8,0.0,0.19047619047619047,0.0,4.0916224112766,0
https://bangladesh.savethechildren.net/,0,1,false_positive,0.7401405922162148,39,30,1,0,0,0,1,1,0,0,0,0,6,0.0,0.15384615384615385,0.0,3.935935796218897,0
https://www.thewaltdisneycompany.com/,0,1,false_positive,0.72482096873787,37,28,1,0,0,0,1,1,0,0,0,0,6,0.0,0.16216216216216217,0.0,4.053915865570478,0
https://riversidecommunityhospital.com/,0,1,false_positive,0.5089224227341613,39,30,1,0,0,0,0,1,0,0,0,0,5,0.0,0.1282051282051282,0.0,4.131054782742918,0
https://www.quantumleaphealth.org/,0,1,false_positive,0.6367354471115929,34,25,1,0,0,0,1,1,0,0,0,0,6,0.0,0.17647058823529413,0.0,3.9986525468781666,0
https://hypoxie.univ-paris13.fr,0,1,false_positive,0.7620911776388966,31,23,0,0,0,0,1,1,0,0,0,2,6,0.06451612903225806,0.1935483870967742,0.08695652173913043,4.260332600569877,0
https://www.health-and-medical-university.de,0,1,false_positive,0.7331765792151004,44,36,0,0,0,0,1,1,0,0,0,0,8,0.0,0.18181818181818182,0.0,4.220128777433188,0
https://www.barrowbrainandspine.com/,0,1,false_positive,0.6884117544506563,36,27,1,0,0,0,1,1,0,0,0,0,6,0.0,0.16666666666666666,0.0,4.030493056757482,0
https://star-center.org/,0,1,false_positive,0.7553213926191603,24,15,1,0,0,0,0,1,0,0,0,0,6,0.0,0.25,0.0,3.6887218755408675,0
http://yedekparcamiz.com,1,0,false_negative,0.27699294998950913,24,17,0,0,0,0,0,0,0,0,0,0,4,0.0,0.16666666666666666,0.0,4.001629167387823,0
https://odissei-data.nl/nl/,0,1,false_positive,0.5089199180699466,27,15,4,0,1,0,0,1,0,0,0,0,7,0.0,0.25925925925925924,0.0,3.7360069464476564,0
https://agrojam.upmedia.mx/wp-includes/block-patterns/ch/xml/,1,0,false_negative,0.47182141504049563,61,18,35,0,4,0,1,1,0,0,0,0,12,0.0,0.19672131147540983,0.0,4.444326936529162,0
https://frauenklinik-elbe.de/,0,1,false_positive,0.8180086455592237,29,20,1,0,0,0,0,1,0,0,0,0,6,0.0,0.20689655172413793,0.0,4.073329701949522,0
https://www.blazegraph.com/,0,1,false_positive,0.6627657473659881,27,18,1,0,0,0,1,1,0,0,0,0,6,0.0,0.2222222222222222,0.0,4.032303242743954,0
https://zorgkeuzelab.nl/,0,1,false_positive,0.5197564472217908,24,15,1,0,0,0,0,1,0,0,0,0,5,0.0,0.20833333333333334,0.0,4.053508854797679,0
https://cgi.imt-mines-albi.fr,0,1,false_positive,0.5279876601513345,29,21,0,0,0,0,1,1,0,0,0,0,7,0.0,0.2413793103448276,0.0,4.073329701949522,0
https://forward-pharma.com/,0,1,false_positive,0.7134166017607012,27,18,1,0,0,0,0,1,0,0,0,0,6,0.0,0.2222222222222222,0.0,3.85619629821938,0
https://www.reactionbiology.com/,0,1,false_positive,0.7954925021150889,32,23,1,0,0,0,1,1,0,0,0,0,6,0.0,0.1875,0.0,4.116729296672174,0
https://www.mcfarlandclinic.com/doctors/locations/boone,0,1,false_positive,0.6997810122628317,55,23,24,0,3,0,1,1,0,0,0,0,8,0.0,0.14545454545454545,0.0,4.06235357817949,0
https://www.aft-automation.de/,0,1,false_positive,0.5037105176531738,30,21,1,0,0,0,1,1,0,0,0,0,7,0.0,0.23333333333333334,0.0,3.9110804962442782,0
https://wctei.weebly.com/,1,0,false_negative,0.18072119077237395,25,16,1,0,0,0,1,1,0,0,0,0,6,0.0,0.24,0.0,3.8332696895151073,0
https://www.iso-arzneimittel.de/,0,1,false_positive,0.738106931176362,32,23,1,0,0,0,1,1,0,0,0,0,7,0.0,0.21875,0.0,4.030639062229566,0
https://www.immigrantcouncil.ie/,0,1,false_positive,0.7342397687282812,32,23,1,0,0,0,1,1,0,0,0,0,6,0.0,0.1875,0.0,4.054229296672174,0
https://www5.alcatel-lucent.com/,0,1,false_positive,0.9385753556298162,32,23,1,0,0,0,1,1,0,0,0,1,7,0.03125,0.21875,0.043478260869565216,3.9681390622295662,0
https://sptsdapp.pages.dev/,1,0,false_negative,0.22583974172938323,27,18,1,0,0,0,1,1,0,0,0,0,6,0.0,0.2222222222222222,0.0,3.38009433628333,0
https://www.asst-fbf-sacco.it/,0,1,false_positive,0.7560846477213254,30,21,1,0,0,0,1,1,0,0,0,0,8,0.0,0.26666666666666666,0.0,3.7232314287976203,0
https://www.aos-fiber.com/,0,1,false_positive,0.502434034151883,26,17,1,0,0,0,1,1,0,0,0,0,7,0.0,0.2692307692307692,0.0,4.026986833359286,0
https://medicines360.org,0,1,false_positive,0.6613718678380093,24,16,0,0,0,0,0,1,0,0,0,3,4,0.125,0.16666666666666666,0.1875,4.16829583405449,0
https://www.linguamatics.com/,0,1,false_positive,0.5478640172698723,29,20,1,0,0,0,1,1,0,0,0,0,6,0.0,0.20689655172413793,0.0,3.952302977662386,0
https://www.matizukuri.co.jp/ar/aruba/aruba/de/indexo.php,1,0,false_negative,0.46301924212046947,57,20,29,0,5,0,1,1,0,0,0,0,12,0.0,0.21052631578947367,0.0,4.2289264709152565,0
https://oldsfpds.pages.dev/,1,0,false_negative,0.2157483634217642,27,18,1,0,0,0,1,1,0,0,0,0,6,0.0,0.2222222222222222,0.0,3.708048150071232,0
https://www.arbeitswissenschaft.net/das-sind-wir/,0,1,false_positive,0.6364209921693714,49,27,14,0,1,0,1,1,0,0,0,0,9,0.0,0.1836734693877551,0.0,3.9180684582015903,0
https://www.abramsoncenter.org/,0,1,false_positive,0.5703277737342983,31,22,1,0,0,0,1,1,0,0,0,0,6,0.0,0.1935483870967742,0.0,3.953565664946427,0
https://www.irs-visit.com/,1,0,false_negative,0.28079124049896775,26,17,1,0,0,0,1,1,0,0,0,0,7,0.0,0.2692307692307692,0.0,3.7091151984942705,0
http://n2u.11b.mytemp.website/di,1,0,false_negative,0.3383326700114749,32,22,3,0,1,0,2,0,0,0,0,3,7,0.09375,0.21875,0.13636363636363635,3.9917292966721747,0
https://ucb-usa.com/Home,0,1,false_positive,0.7833014667996946,24,11,5,0,1,0,0,1,0,0,0,0,6,0.0,0.25,0.0,3.886842188131012,0
https://www.schoen-klinik.de/muenchen-harlaching,0,1,false_positive,0.6430274403261395,48,20,20,0,1,0,1,1,0,0,0,0,8,0.0,0.16666666666666666,0.0,4.246653522439334,0
https://www.whittington.nhs.uk/mini-apps/location/locationPage.asp?LocationID=1,0,1,false_positive,0.5088284043785873,79,22,36,12,3,1,2,1,0,0,1,1,13,0.012658227848101266,0.16455696202531644,0.0,4.3343675349327935,0
https://www.wrentherapeutics.com/,0,1,false_positive,0.5637708475353794,33,24,1,0,0,0,1,1,0,0,0,0,6,0.0,0.18181818181818182,0.0,3.9077342707424854,0
https://fpmaragall.org/en/,0,1,false_positive,0.6927356508891246,26,14,4,0,1,0,0,1,0,0,0,0,6,0.0,0.23076923076923078,0.0,3.8252517372886508,0
https://www.ue-germany.com/,0,1,false_positive,0.6828685965249839,27,18,1,0,0,0,1,1,0,0,0,0,7,0.0,0.25925925925925924,0.0,4.106377316818028,0
https://gmxmet.weebly.com/,1,0,false_negative,0.33868605926567463,26,17,1,0,0,0,1,1,0,0,0,0,6,0.0,0.23076923076923078,0.0,3.891995487039019,0
https://www.christophercolumbusfoundation.gov/,0,1,false_positive,0.9337210305959667,46,37,1,0,0,0,1,1,0,0,0,0,6,0.0,0.13043478260869565,0.0,4.3195602607254004,0
https://www.socratec-pharma.de/,0,1,false_positive,0.5584807312318023,31,22,1,0,0,0,1,1,0,0,0,0,7,0.0,0.22580645161290322,0.0,3.889049535914169,0
https://www.clevelandmetroparks.com/,0,1,false_positive,0.8340386176798259,36,27,1,0,0,0,1,1,0,0,0,0,6,0.0,0.16666666666666666,0.0,4.141604167868594,0
https://www.danonenorthamerica.com/,0,1,false_positive,0.6759525308124892,35,26,1,0,0,0,1,1,0,0,0,0,6,0.0,0.17142857142857143,0.0,3.9713023022883713,0
https://www.kia.or.kr:8446/sub/competition/competition_2016_285.asp,0,1,false_positive,0.5640405301418475,67,13,41,0,3,0,2,1,0,1,0,11,13,0.16417910447761194,0.19402985074626866,0.0,4.545962751174724,0
https://realimpactanalytics.com/en,0,1,false_positive,0.5799929269453624,34,23,3,0,1,0,0,1,0,0,0,0,5,0.0,0.14705882352941177,0.0,3.925410635240724,0
https://felicity-house.org/,0,1,false_positive,0.7964343997870185,27,18,1,0,0,0,0,1,0,0,0,0,6,0.0,0.2222222222222222,0.0,4.032303242743954,0
https://www.eyesurgeonsofindiana.com/,0,1,false_positive,0.8570910978126727,37,28,1,0,0,0,1,1,0,0,0,0,6,0.0,0.16216216216216217,0.0,4.222174311224064,0
https://www.papula-nevinpat.com/,0,1,false_positive,0.738106931176362,32,23,1,0,0,0,1,1,0,0,0,0,7,0.0,0.21875,0.0,4.030639062229566,0
https://www.axelmuusfeldtsfond.dk/,0,1,false_positive,0.7776037950325433,34,25,1,0,0,0,1,1,0,0,0,0,6,0.0,0.17647058823529413,0.0,4.094097032108653,0
https://leibniz-psychology.org/en/,0,1,false_positive,0.7550610851519408,34,22,4,0,1,0,0,1,0,0,0,0,7,0.0,0.20588235294117646,0.0,4.124083797069061,0
https://www.gavekal-intelligence-software.com/,0,1,false_positive,0.9619219875809005,46,37,1,0,0,0,1,1,0,0,0,0,8,0.0,0.17391304347826086,0.0,4.265424934732509,0
https://sussexwildlifetrust.org.uk/,0,1,false_positive,0.5849027716367429,35,26,1,0,0,0,0,1,0,0,0,0,6,0.0,0.17142857142857143,0.0,4.01158543183743,0
https://supportorr.weebly.com/,1,0,false_negative,0.49090390870117623,30,21,1,0,0,0,1,1,0,0,0,0,6,0.0,0.2,0.0,3.9144093452479405,0
https://www.huisvoordezorg.nl/,0,1,false_positive,0.7855055342584683,30,21,1,0,0,0,1,1,0,0,0,0,6,0.0,0.2,0.0,4.0980685120588385,0
https://www.vlb-berlin.org/en/node/1,0,1,false_positive,0.6617066681917388,36,18,10,0,3,0,1,1,0,0,0,1,9,0.027777777777777776,0.25,0.0,4.117861029749889,0
https://www.scarsdaleschools.k12.ny.us/,0,1,false_positive,0.6476542937248536,39,30,1,0,0,0,3,1,0,0,0,2,8,0.05128205128205128,0.20512820512820512,0.06666666666666667,4.131054782742918,0
https://www.iecuniversity.com/,0,1,false_positive,0.6402723747364852,30,21,1,0,0,0,1,1,0,0,0,0,6,0.0,0.2,0.0,4.0062389286533895,0
https://indestructible.co.uk/,0,1,false_positive,0.5295847796346771,29,20,1,0,0,0,0,1,0,0,0,0,6,0.0,0.20689655172413793,0.0,4.004364184708142,0
https://www.themichelicenter.com/,0,1,false_positive,0.5018375034180276,33,24,1,0,0,0,1,1,0,0,0,0,6,0.0,0.18181818181818182,0.0,3.8013774524295485,0
https://xjdjwx.com/jp/,1,0,false_negative,0.3498926516853215,22,10,4,0,1,0,0,1,0,0,0,0,6,0.0,0.2727272727272727,0.0,3.6069367321753205,0
https://www.northwell.edu/orthopaedic-institute,0,1,false_positive,0.6255010578503465,47,17,22,0,1,0,1,1,0,0,0,0,7,0.0,0.14893617021276595,0.0,4.050949820548762,0
https://www.enco-consulting.it/,0,1,false_positive,0.5666083910649443,31,22,1,0,0,0,1,1,0,0,0,0,7,0.0,0.22580645161290322,0.0,3.9134007456613773,0
https://www.comunidad.madrid/hospital/elescorial/,0,1,false_positive,0.6974347259411259,49,20,21,0,2,0,1,1,0,0,0,0,8,0.0,0.16326530612244897,0.0,4.117075599518184,0
https://app.biapromo.click,1,0,false_negative,0.10582652437810208,26,18,0,0,0,0,1,1,0,0,0,0,5,0.0,0.19230769230769232,0.0,3.8542858719872455,0
https://atendimjuridico.app,1,0,false_negative,0.12462818035147477,27,19,0,0,0,0,0,1,0,0,0,0,4,0.0,0.14814814814814814,0.0,4.004344446367528,0
https://coastalscience.noaa.gov/about/facilities/charleston/,0,1,false_positive,0.5250715056190821,60,23,29,0,3,0,1,1,0,0,0,0,9,0.0,0.15,0.0,3.9900617474302766,0
http://unicredit-erneuerung.at,1,0,false_negative,0.2604202972310061,30,23,0,0,0,0,0,0,0,0,0,0,5,0.0,0.16666666666666666,0.0,3.7647351787255054,0
https://mytaxassistance.com/,1,0,false_negative,0.2509972548781606,28,19,1,0,0,0,0,1,0,0,0,0,5,0.0,0.17857142857142858,0.0,3.753434386188785,0
https://www.odonnellconsulting.com/,0,1,false_positive,0.6663355921256465,35,26,1,0,0,0,1,1,0,0,0,0,6,0.0,0.17142857142857143,0.0,3.957295873840569,0
https://www.advancedreconstruction.com/,0,1,false_positive,0.8205938413083367,39,30,1,0,0,0,1,1,0,0,0,0,6,0.0,0.15384615384615385,0.0,4.079772731460867,0
https://www.ricercascientifica.org/,0,1,false_positive,0.5935847699825448,35,26,1,0,0,0,1,1,0,0,0,0,6,0.0,0.17142857142857143,0.0,3.900153016697712,0
https://cfee.cnrs.fr/spip.php?rubrique1&lang=fr,0,1,false_positive,0.52332004117139,47,12,9,17,1,2,1,1,0,0,1,1,10,0.02127659574468085,0.2127659574468085,0.0,4.299403352535277,0
https://www.openthegovernment.org/,0,1,false_positive,0.5072000902510334,34,25,1,0,0,0,1,1,0,0,0,0,6,0.0,0.17647058823529413,0.0,3.763358429231108,0
https://www.denverschoolofnursing.edu/,0,1,false_positive,0.8553546872876829,38,29,1,0,0,0,1,1,0,0,0,0,6,0.0,0.15789473684210525,0.0,4.1813663288914595,0
https://edu.wyoming.gov/,0,1,false_positive,0.5309320248069267,24,15,1,0,0,0,1,1,0,0,0,0,6,0.0,0.25,0.0,4.053508854797679,0
https://www.advancedderm.com/,0,1,false_positive,0.5478640172698723,29,20,1,0,0,0,1,1,0,0,0,0,6,0.0,0.20689655172413793,0.0,3.9523029776623857,0
https://www.collaborativeclassroom.org/,0,1,false_positive,0.7656717813073745,39,30,1,0,0,0,1,1,0,0,0,0,6,0.0,0.15384615384615385,0.0,4.0317136806678615,0
https://www.whpdevelopmentcouncil.net/,0,1,false_positive,0.7132929562790568,38,29,1,0,0,0,1,1,0,0,0,0,6,0.0,0.15789473684210525,0.0,3.977804815904364,0
https://www.projectangelheart.org/,0,1,false_positive,0.6067832109418967,34,25,1,0,0,0,1,1,0,0,0,0,6,0.0,0.17647058823529413,0.0,3.939829017466402,0
https://pa.revenue-nj.cc/us,1,0,false_negative,0.47024106622486384,27,16,3,0,1,0,1,1,0,0,0,0,7,0.0,0.25925925925925924,0.0,3.8841550945958048,0
https://www.quad-county.com/,0,1,false_positive,0.5060250301016426,28,19,1,0,0,0,1,1,0,0,0,0,7,0.0,0.25,0.0,4.012188403968661,0
https://www.dialog-semiconductor.com/,0,1,false_positive,0.8996382845126664,37,28,1,0,0,0,1,1,0,0,0,0,7,0.0,0.1891891891891892,0.0,4.208924987016684,0
https://www.haag-streit.com/clement-clarke/,0,1,false_positive,0.6798617169572914,43,19,16,0,1,0,1,1,0,0,0,0,9,0.0,0.20930232558139536,0.0,4.126862359796814,0
http://investmentpulse.icu,1,0,false_negative,0.2894500587334175,26,19,0,0,0,0,0,0,0,0,0,0,4,0.0,0.15384615384615385,0.0,3.7483286603655737,0
https://www.schunk-carbontechnology.com,0,1,false_positive,0.5151944015883899,39,31,0,0,0,0,1,1,0,0,0,0,6,0.0,0.15384615384615385,0.0,4.2336188853070205,0
https://fisdas.click/,1,0,false_negative,0.1304046673007405,21,12,1,0,0,0,0,1,0,0,0,0,5,0.0,0.23809523809523808,0.0,3.6537567082870006,0
http://itau-acesse-sua-conta.org/index.php,1,0,false_negative,0.18172787637306254,42,25,10,0,1,0,0,0,0,0,0,0,9,0.0,0.21428571428571427,0.0,4.111973672521204,0
https://www.havenziekenhuis.nl/,0,1,false_positive,0.5044827791918883,31,22,1,0,0,0,1,1,0,0,0,0,6,0.0,0.1935483870967742,0.0,3.9292144551992183,0
https://www.frederiksberghospital.dk/,0,1,false_positive,0.8169724865514216,37,28,1,0,0,0,1,1,0,0,0,0,6,0.0,0.16216216216216217,0.0,4.114066203115956,0
https://imscsdocs.pages.dev/,1,0,false_negative,0.35455831266037197,28,19,1,0,0,0,1,1,0,0,0,0,6,0.0,0.21428571428571427,0.0,3.7943360657504512,0
https://www.hochdruckliga.at/,0,1,false_positive,0.6516318728824999,29,20,1,0,0,0,1,1,0,0,0,0,6,0.0,0.20689655172413793,0.0,3.9952378913808877,0
https://www.acsbiomarker.com/,0,1,false_positive,0.6386665771710874,29,20,1,0,0,0,1,1,0,0,0,0,6,0.0,0.20689655172413793,0.0,3.9783335811852645,0
https://www.elixirfund.org/,0,1,false_positive,0.7685279646927183,27,18,1,0,0,0,1,1,0,0,0,0,6,0.0,0.2222222222222222,0.0,4.106377316818028,0
https://bestrongfighton.networkforgood.com/,0,1,false_positive,0.8143922342491402,43,34,1,0,0,0,1,1,0,0,0,0,6,0.0,0.13953488372093023,0.0,4.02438859336503,0
https://www.berliner-sparkasse.de/,0,1,false_positive,0.7524042895480819,34,25,1,0,0,0,1,1,0,0,0,0,7,0.0,0.20588235294117646,0.0,3.962031591059445,0
https://www.brandon-medical.com/,0,1,false_positive,0.8432183007001813,32,23,1,0,0,0,1,1,0,0,0,0,7,0.0,0.21875,0.0,4.202819531114783,0
https://www.deutsche-depressionshilfe.de/start,0,1,false_positive,0.8367737067838109,46,32,6,0,1,0,1,1,0,0,0,0,7,0.0,0.15217391304347827,0.0,4.009458901888652,0
http://bradesco.ibf3-clienteprime.com/cliente/acesso/home.php?hash=1967861446733ac9819b275.46434989,1,0,false_negative,0.3919585730996841,99,30,24,37,3,1,1,0,0,0,1,29,13,0.29292929292929293,0.13131313131313133,0.03333333333333333,4.733166979545353,0
https://www.wondersandworries.org/,0,1,false_positive,0.5103992121746966,34,25,1,0,0,0,1,1,0,0,0,0,6,0.0,0.17647058823529413,0.0,3.7970421653407156,0
https://www.dca-design.com/,0,1,false_positive,0.5734567393172767,27,18,1,0,0,0,1,1,0,0,0,0,7,0.0,0.25925925925925924,0.0,4.032303242743954,0
https://lycosweb.weebly.com/,1,0,false_negative,0.365503165959481,28,19,1,0,0,0,1,1,0,0,0,0,6,0.0,0.21428571428571427,0.0,3.824862957617357,0
https://itaucorporate.com,1,0,false_negative,0.1816910147051224,25,17,0,0,0,0,0,1,0,0,0,0,4,0.0,0.16,0.0,3.733660689688185,0
https://hkllm.weebly.com/,1,0,false_negative,0.2266087922676295,25,16,1,0,0,0,1,1,0,0,0,0,6,0.0,0.24,0.0,3.863465189601646,0
https://www.mandelapartners.org/,0,1,false_positive,0.5919609618934167,32,23,1,0,0,0,1,1,0,0,0,0,6,0.0,0.1875,0.0,3.944548827786958,0
https://www.globalconvergence.com/,0,1,false_positive,0.7776037950325433,34,25,1,0,0,0,1,1,0,0,0,0,6,0.0,0.17647058823529413,0.0,4.094097032108653,0
https://steamhost.cc/,1,0,false_negative,0.15489689247285685,21,12,1,0,0,0,0,1,0,0,0,0,5,0.0,0.23809523809523808,0.0,3.368042422572715,0
https://kjt.ln.gov.cn/kjt/cxpt/zdsys/979C35472C3649E386D72EB16EB2067F/index.shtml,0,1,false_positive,0.5808964121073437,81,13,60,0,5,0,1,1,0,0,0,23,12,0.2839506172839506,0.14814814814814814,0.0,4.945582139063047,0
https://www.sherlog.cz/#utm_source=firmy.cz&utm_medium=ppd&utm_campaign=firmy.cz-172553,0,1,false_positive,0.6052771810117228,87,14,1,0,0,0,1,1,0,0,0,6,18,0.06896551724137931,0.20689655172413793,0.0,4.80945919770557,0
https://www.seattleparksfoundation.org/,0,1,false_positive,0.8284500627539712,39,30,1,0,0,0,1,1,0,0,0,0,6,0.0,0.15384615384615385,0.0,4.1217079115480395,0
https://unsacm.memberclicks.net/,0,1,false_positive,0.6301639131343515,32,23,1,0,0,0,1,1,0,0,0,0,6,0.0,0.1875,0.0,3.9834585933443494,0
https://www.thealexandercentre.com/,0,1,false_positive,0.6663355921256465,35,26,1,0,0,0,1,1,0,0,0,0,6,0.0,0.17142857142857143,0.0,3.954442574694572,0
https://www.cancerpolicyinstitute.org/,0,1,false_positive,0.7911633152242539,38,29,1,0,0,0,1,1,0,0,0,0,6,0.0,0.15789473684210525,0.0,4.073475132309619,0
https://texasneurology.com/,0,1,false_positive,0.5356891277163037,27,18,1,0,0,0,0,1,0,0,0,0,5,0.0,0.18518518518518517,0.0,4.078418520441603,0
https://se.wikimedia.org/wiki/Huvudsida,0,1,false_positive,0.6187149938991743,39,16,15,0,2,0,1,1,0,0,0,0,7,0.0,0.1794871794871795,0.0,4.079772731460867,0
https://www.lla-instruments.com/,0,1,false_positive,0.798969986156048,32,23,1,0,0,0,1,1,0,0,0,0,7,0.0,0.21875,0.0,4.054229296672174,0
https://centrehistoire19esiecle.pantheonsorbonne.fr,0,1,false_positive,0.6957376805018444,51,43,0,0,0,0,1,1,0,0,0,2,5,0.0392156862745098,0.09803921568627451,0.046511627906976744,3.9326399311244264,0
https://www.elcaminohospital.org/,0,1,false_positive,0.6714431911746892,33,24,1,0,0,0,1,1,0,0,0,0,6,0.0,0.18181818181818182,0.0,4.043801694853791,0
https://www.asklepios.com/tiefenbrunn/,0,1,false_positive,0.7243076910893812,38,17,13,0,1,0,1,1,0,0,0,0,7,0.0,0.18421052631578946,0.0,4.201231789474709,0
https://www.yunkawasiperu.org/,0,1,false_positive,0.646482741251406,30,21,1,0,0,0,1,1,0,0,0,0,6,0.0,0.2,0.0,4.015061012203069,0
https://www.salvationarmy.org/zambia,0,1,false_positive,0.798496356111807,36,21,7,0,1,0,1,1,0,0,0,0,6,0.0,0.16666666666666666,0.0,4.117861029749889,0
https://revenue.alabama.gov/,0,1,false_positive,0.5509681794772672,28,19,1,0,0,0,1,1,0,0,0,0,6,0.0,0.21428571428571427,0.0,3.9677201004744993,0
https://ss.westley.sa.com/,1,0,false_negative,0.0266027062373002,26,17,1,0,0,0,2,1,0,0,0,0,7,0.0,0.2692307692307692,0.0,3.628351141951583,0
https://purebrillianceadvisors.com/,1,0,false_negative,0.4752044334471236,35,26,1,0,0,0,0,1,0,0,0,0,5,0.0,0.14285714285714285,0.0,4.185867302411998,0
https://hcma.vn/english/Pages/default.aspx,0,1,false_positive,0.736792099232802,42,7,27,0,3,0,0,1,0,0,0,0,8,0.0,0.19047619047619047,0.0,4.157214970851922,0
https://www.kddi-research.jp/,0,1,false_positive,0.5805518044933993,29,20,1,0,0,0,1,1,0,0,0,0,7,0.0,0.2413793103448276,0.0,3.9783335811852645,0
https://www.analyticmeasures.com/,0,1,false_positive,0.7812869465780148,33,24,1,0,0,0,1,1,0,0,0,0,6,0.0,0.18181818181818182,0.0,4.081532376606413,0
https://lnternetweb.weebly.com/,1,0,false_negative,0.4384274523830647,31,22,1,0,0,0,1,1,0,0,0,0,6,0.0,0.1935483870967742,0.0,3.8456631498513816,0
https://www.nephrologie-vs.de/startseite/,0,1,false_positive,0.6170984089169215,41,21,12,0,1,0,1,1,0,0,0,0,8,0.0,0.1951219512195122,0.0,3.992328383861082,0
http://www.fondenaf17121981.dk/,0,1,false_positive,0.8488464682025149,31,23,1,0,0,0,1,0,0,0,0,8,6,0.25806451612903225,0.1935483870967742,0.34782608695652173,4.0667842134731025,0
https://www.clintonfoundation.org/,0,1,false_positive,0.6367354471115929,34,25,1,0,0,0,1,1,0,0,0,0,6,0.0,0.17647058823529413,0.0,3.9842341646524884,0
https://app.aspirehealthspan.ai/m/index.html,1,0,false_negative,0.4489132647129283,44,23,13,0,2,0,1,1,0,0,0,0,8,0.0,0.18181818181818182,0.0,3.8176400059662177,0
https://webdded.weebly.com/,1,0,false_negative,0.23591696269429152,27,18,1,0,0,0,1,1,0,0,0,0,6,0.0,0.2222222222222222,0.0,3.810081020521731,0
https://www.pearlharboraviationmuseum.org/,0,1,false_positive,0.8940065735202023,42,33,1,0,0,0,1,1,0,0,0,0,6,0.0,0.14285714285714285,0.0,4.177566232096526,0
https://www.fachklinik360grad.de/,0,1,false_positive,0.9940317860993132,33,24,1,0,0,0,1,1,0,0,0,3,6,0.09090909090909091,0.18181818181818182,0.125,4.331976694984911,0
https://www.swhealthcaresystem.com/,0,1,false_positive,0.5385553018863414,35,26,1,0,0,0,1,1,0,0,0,0,6,0.0,0.17142857142857143,0.0,3.8074355167595253,0
https://www.commonsensemedia.org/,0,1,false_positive,0.6410547342580978,33,24,1,0,0,0,1,1,0,0,0,0,6,0.0,0.18181818181818182,0.0,3.9980509371469144,0
https://hartmann.info/de-DE,0,1,false_positive,0.9164194920851055,27,13,6,0,1,0,0,1,0,0,0,0,6,0.0,0.2222222222222222,0.0,4.078418520441603,0
https://www.erlang-solutions.com/,0,1,false_positive,0.8390603904992087,33,24,1,0,0,0,1,1,0,0,0,0,7,0.0,0.21212121212121213,0.0,4.142138437212473,0
https://www.dommuseum-hildesheim.de/en,0,1,false_positive,0.7690101742779237,38,27,3,0,1,0,1,1,0,0,0,0,7,0.0,0.18421052631578946,0.0,3.895714934884265,0
https://www.pulz-freiburg.de/,0,1,false_positive,0.7261734045779038,29,20,1,0,0,0,1,1,0,0,0,0,7,0.0,0.2413793103448276,0.0,4.116264615668023,0
https://www.northwestscience.org/,0,1,false_positive,0.5040916949706454,33,24,1,0,0,0,1,1,0,0,0,0,6,0.0,0.18181818181818182,0.0,3.763646770676926,0
https://www.consumer-voice.org/,0,1,false_positive,0.763056949348159,31,22,1,0,0,0,1,1,0,0,0,0,7,0.0,0.22580645161290322,0.0,4.106949132758152,0
https://www.howardcountymd.gov/Departments/Health,0,1,false_positive,0.7046707216209823,49,22,19,0,2,0,1,1,0,0,0,0,7,0.0,0.14285714285714285,0.0,4.297784843850294,0
https://www.thecoreinstitute.com/,0,1,false_positive,0.5060241334733214,33,24,1,0,0,0,1,1,0,0,0,0,6,0.0,0.18181818181818182,0.0,3.77850207357611,0
https://brightonmuseums.org.uk/royalpavilion/,0,1,false_positive,0.8667562585755079,45,22,15,0,1,0,0,1,0,0,0,0,7,0.0,0.15555555555555556,0.0,4.252421151644845,0
https://www.scribebiosciences.com/,0,1,false_positive,0.5185426828784726,34,25,1,0,0,0,1,1,0,0,0,0,6,0.0,0.17647058823529413,0.0,3.822181958642873,0
https://www.zentrallabor.com/,0,1,false_positive,0.6542470615343617,29,20,1,0,0,0,1,1,0,0,0,0,6,0.0,0.20689655172413793,0.0,4.021268494903765,0
https://loniis.ru/en/,0,1,false_positive,0.7301209710226125,21,9,4,0,1,0,0,1,0,0,0,0,6,0.0,0.2857142857142857,0.0,3.630412660873998,0
https://www.clearskymd.com/,0,1,false_positive,0.6627657473659881,27,18,1,0,0,0,1,1,0,0,0,0,6,0.0,0.2222222222222222,0.0,4.032303242743954,0
https://www.westlakelibrary.org/,0,1,false_positive,0.6327197534593931,32,23,1,0,0,0,1,1,0,0,0,0,6,0.0,0.1875,0.0,3.9917292966721747,0
http://axieinfi-nity.github.io,1,0,false_negative,0.12322173250573347,30,23,0,0,0,0,1,0,0,0,0,0,6,0.0,0.2,0.0,3.8565647621309544,0
https://www.akronlibrary.org/,0,1,false_positive,0.6386665771710874,29,20,1,0,0,0,1,1,0,0,0,0,6,0.0,0.20689655172413793,0.0,3.9783335811852645,0
https://www.southernhealth.nhs.uk/locations/romsey-hospital/?entryid130=163079,0,1,false_positive,0.8281243938859704,78,25,27,17,2,1,2,1,0,0,1,9,12,0.11538461538461539,0.15384615384615385,0.0,4.613355546747998,0
https://www.hsiritherapeutics.com/,0,1,false_positive,0.5129972079993538,34,25,1,0,0,0,1,1,0,0,0,0,6,0.0,0.17647058823529413,0.0,3.8588029144615943,0
https://community-impact-inc.com/,0,1,false_positive,0.8466166461712266,33,24,1,0,0,0,0,1,0,0,0,0,7,0.0,0.21212121212121213,0.0,3.7865221495303647,0
https://www.adaptivedesign.org/,0,1,false_positive,0.6206704511774932,31,22,1,0,0,0,1,1,0,0,0,0,6,0.0,0.1935483870967742,0.0,3.9779168746936358,0
https://www.mindbodysolutions.org/,0,1,false_positive,0.7248648525767676,34,25,1,0,0,0,1,1,0,0,0,0,6,0.0,0.17647058823529413,0.0,4.057476076289932,0
http://new.valadar.ru/shiftlessly/derivator,1,0,false_negative,0.0786117106374361,43,14,22,0,2,0,1,0,0,0,0,0,7,0.0,0.16279069767441862,0.0,4.117784231295344,0
https://medecine-pharmacie.univ-rouen.fr/cbg-cancer-and-brain-genomics-umr-1245-679263.kjsp,0,1,false_positive,0.7206289608845299,91,32,51,0,1,0,1,1,0,0,0,10,16,0.10989010989010989,0.17582417582417584,0.0,4.641359888658785,0
https://institut.groenemeyer.com/?language=en,0,1,false_positive,0.6494742660666204,45,24,1,11,0,1,1,1,0,0,1,0,8,0.0,0.17777777777777778,0.0,4.144537752260993,0
https://www.pakistanarmy.gov.pk/AWPReview/TextContent.aspx?pId=276,0,1,false_positive,0.5972885703686864,66,23,27,7,2,1,1,1,0,0,1,3,11,0.045454545454545456,0.16666666666666666,0.0,4.731830627190416,0
https://www.txhcserveoutdoors.org/,0,1,false_positive,0.5450280379222532,34,25,1,0,0,0,1,1,0,0,0,0,6,0.0,0.17647058823529413,0.0,3.881005488054637,0
https://kingston-college.ac.uk/,0,1,false_positive,0.7346907710761242,31,22,1,0,0,0,0,1,0,0,0,0,7,0.0,0.22580645161290322,0.0,4.0667842134731025,0
https://www.mountainviewcollege.edu/Pages/default.aspx,0,1,false_positive,0.5774512420663411,54,27,19,0,2,0,1,1,0,0,0,0,8,0.0,0.14814814814814814,0.0,4.300640742663824,0
https://stvincentsclinic.com.au/home,0,1,false_positive,0.761305308997834,36,23,5,0,1,0,0,1,0,0,0,0,6,0.0,0.16666666666666666,0.0,3.9193819456463705,0
http://hasspetroleum.co/dh/Dh_correct_address.html,1,0,false_negative,0.16082442014530798,50,16,27,0,2,0,0,0,0,0,0,0,9,0.0,0.18,0.0,4.014177320667443,0
https://www.univ-orleans.fr/fr/p2e,0,1,false_positive,0.7824917921578772,34,19,7,0,2,0,1,1,0,0,0,1,8,0.029411764705882353,0.23529411764705882,0.0,4.160704752887782,0
https://www.precisionspineinc.com/,0,1,false_positive,0.5092487509729787,34,25,1,0,0,0,1,1,0,0,0,0,6,0.0,0.17647058823529413,0.0,3.7777768114567865,0
https://idmlode.weebly.com/,1,0,false_negative,0.48106337413774164,27,18,1,0,0,0,1,1,0,0,0,0,6,0.0,0.2222222222222222,0.0,3.9582291686698787,0
https://www.maison-orbey.de/wp-content/plugins/xleet/b/g/index2.php,1,0,false_negative,0.48156262997767124,67,19,40,0,6,0,1,1,0,0,0,1,14,0.014925373134328358,0.208955223880597,0.0,4.34432431827432,0
https://education.ky.gov/,0,1,false_positive,0.7567348687909577,25,16,1,0,0,0,1,1,0,0,0,0,6,0.0,0.24,0.0,4.103465189601645,0
https://www.londonhydro.com/site/#!/,0,1,false_positive,0.5365423372416899,36,19,6,0,1,0,1,1,0,0,0,0,10,0.0,0.2777777777777778,0.0,4.083274571476652,0
https://www.uacosendai-edu.net/,0,1,false_positive,0.6206479917025092,31,22,1,0,0,0,1,1,0,0,0,0,7,0.0,0.22580645161290322,0.0,3.953565664946427,0
http://i-looks.com/wp-content/plugins/wp-automatic/uncoordinated/residing,1,0,false_negative,0.21695863579629107,73,11,55,0,5,0,0,0,0,0,0,0,12,0.0,0.1643835616438356,0.0,4.21032690977256,0
https://www.thechicagoschool.edu/chicago/,0,1,false_positive,0.5873161730542088,41,24,9,0,1,0,1,1,0,0,0,0,7,0.0,0.17073170731707318,0.0,3.876355517954656,0
https://rakuten-med.com/,0,1,false_positive,0.7482053092579971,24,15,1,0,0,0,0,1,0,0,0,0,6,0.0,0.25,0.0,4.0220552088742005,0
https://mlr.baden-wuerttemberg.de/de/startseite/,0,1,false_positive,0.5862289937042285,48,25,15,0,2,0,1,1,0,0,0,0,9,0.0,0.1875,0.0,3.9022354187801773,0
https://www.zorgvoorinnoveren.nl/,0,1,false_positive,0.5518412201996189,33,24,1,0,0,0,1,1,0,0,0,0,6,0.0,0.18181818181818182,0.0,3.884858891889048,0
http://evri-tags.click,1,0,false_negative,0.2465096261372179,22,15,0,0,0,0,0,0,0,0,0,0,5,0.0,0.22727272727272727,0.0,3.970573095811684,0
https://www.prometheusbiosciences.com/,0,1,false_positive,0.6934057969082541,38,29,1,0,0,0,1,1,0,0,0,0,6,0.0,0.15789473684210525,0.0,3.9380738947378657,0
https://www.velocitybiogroup.com/,0,1,false_positive,0.7996982916805463,33,24,1,0,0,0,1,1,0,0,0,0,6,0.0,0.18181818181818182,0.0,4.1272831343132905,0
https://haselmeier.com/en/,0,1,false_positive,0.6316285367378164,26,14,4,0,1,0,0,1,0,0,0,0,6,0.0,0.23076923076923078,0.0,3.7773627950641684,0
https://www.usptechnologies.com/,0,1,false_positive,0.5919609618934167,32,23,1,0,0,0,1,1,0,0,0,0,6,0.0,0.1875,0.0,3.944548827786958,0
https://www.masqueliers.com/,0,1,false_positive,0.6349561183590634,28,19,1,0,0,0,1,1,0,0,0,0,6,0.0,0.21428571428571427,0.0,4.012188403968661,0
https://www.mountsinai.org/locations/queens/about,0,1,false_positive,0.7267832163958888,49,18,23,0,3,0,1,1,0,0,0,0,8,0.0,0.16326530612244897,0.0,4.107598182238386,0
https://www.sharing-knowledge.org/,0,1,false_positive,0.8076804713676311,34,25,1,0,0,0,1,1,0,0,0,0,7,0.0,0.20588235294117646,0.0,4.101881223476018,0
https://www.disabilityrights-cdr.org/,0,1,false_positive,0.8506563394843302,37,28,1,0,0,0,1,1,0,0,0,0,7,0.0,0.1891891891891892,0.0,4.046762824854522,0
https://y-e-tt-l.blingme.co.za/,1,0,false_negative,0.339209511693557,31,22,1,0,0,0,1,1,0,0,0,0,10,0.0,0.3225806451612903,0.0,4.106949132758151,0
https://www.photoswitchbio.com/,0,1,false_positive,0.5069877354449198,31,22,1,0,0,0,1,1,0,0,0,0,6,0.0,0.1935483870967742,0.0,3.5506551812150384,0
https://www.rodmanlibrary.com/,0,1,false_positive,0.7855055342584683,30,21,1,0,0,0,1,1,0,0,0,0,6,0.0,0.2,0.0,4.0980685120588385,0
https://vertiver.com/#firstPage,0,1,false_positive,0.5179054505383542,31,12,1,0,0,0,0,1,0,0,0,0,6,0.0,0.1935483870967742,0.0,4.042433003725893,0
https://iasr2015.wordpress.com/english/,0,1,false_positive,0.9768865723934106,39,22,9,0,1,0,1,1,0,0,0,4,7,0.10256410256410256,0.1794871794871795,0.18181818181818182,4.301696373308395,0
https://www.missoulapubliclibrary.org/,0,1,false_positive,0.8185847242071204,38,29,1,0,0,0,1,1,0,0,0,0,6,0.0,0.15789473684210525,0.0,4.12873474994409,0
https://www.institut-holzbau.de/,0,1,false_positive,0.738106931176362,32,23,1,0,0,0,1,1,0,0,0,0,7,0.0,0.21875,0.0,4.027518266288633,0
https://wertywerqwse.weebly.com/,1,0,false_negative,0.4691582730901832,32,23,1,0,0,0,1,1,0,0,0,0,6,0.0,0.1875,0.0,3.8400182662886326,0
https://www.formatherapeutics.com/,0,1,false_positive,0.6367354471115929,34,25,1,0,0,0,1,1,0,0,0,0,6,0.0,0.17647058823529413,0.0,3.984234164652489,0
https://www.signumbiosciences.com/,0,1,false_positive,0.6067832109418967,34,25,1,0,0,0,1,1,0,0,0,0,6,0.0,0.17647058823529413,0.0,3.9398290174664026,0
https://www.unitedwaysei.org/,0,1,false_positive,0.6386665771710874,29,20,1,0,0,0,1,1,0,0,0,0,6,0.0,0.20689655172413793,0.0,3.9783335811852645,0
https://www.silverlakeresearch.com/,0,1,false_positive,0.6794717855416286,35,26,1,0,0,0,1,1,0,0,0,0,6,0.0,0.17142857142857143,0.0,4.014438730983426,0
https://barwis.com/first-step-foundation/,0,1,false_positive,0.6657995473551916,41,10,23,0,1,0,0,1,0,0,0,0,8,0.0,0.1951219512195122,0.0,4.159517480745797,0
https://www.hidenanalytical.com/,0,1,false_positive,0.6298183786384862,32,23,1,0,0,0,1,1,0,0,0,0,6,0.0,0.1875,0.0,4.030639062229566,0
https://mosestaylorfoundation.org/eotc/,0,1,false_positive,0.8501063738879369,39,25,6,0,1,0,0,1,0,0,0,0,6,0.0,0.15384615384615385,0.0,4.057855988582063,0
https://www.smithsinterconnect.com/homepage,0,1,false_positive,0.7681791728937923,43,26,9,0,1,0,1,1,0,0,0,0,6,0.0,0.13953488372093023,0.0,3.946061487452224,0
https://www.semafora-systems.com/,0,1,false_positive,0.7599095962697571,33,24,1,0,0,0,1,1,0,0,0,0,7,0.0,0.21212121212121213,0.0,3.873812589567827,0
https://www.conservatorisuperiorcastello.com/,0,1,false_positive,0.8577346738107046,45,36,1,0,0,0,1,1,0,0,0,0,6,0.0,0.13333333333333333,0.0,4.055648863372104,0
https://www.softimagingllc.com/,0,1,false_positive,0.6206704511774932,31,22,1,0,0,0,1,1,0,0,0,0,6,0.0,0.1935483870967742,0.0,3.9779168746936358,0
https://saving-sight.org/,0,1,false_positive,0.7110470319291684,25,16,1,0,0,0,0,1,0,0,0,0,6,0.0,0.24,0.0,3.723074189428569,0
https://www.wiley.com/en-us,0,1,false_positive,0.5215616154722373,27,13,6,0,1,0,1,1,0,0,0,0,7,0.0,0.25925925925925924,0.0,3.986187965046305,0
https://www.uhnresearch.ca/institutes/tgri,0,1,false_positive,0.5295151524908929,42,18,16,0,2,0,1,1,0,0,0,0,7,0.0,0.16666666666666666,0.0,3.837931410513421,0
https://www.accessibility.nl/english,0,1,false_positive,0.6747046634502175,36,20,8,0,1,0,1,1,0,0,0,0,6,0.0,0.16666666666666666,0.0,3.919381945646371,0
https://cm.chifww1.sa.com/,1,0,false_negative,0.017558444742522782,26,17,1,0,0,0,2,1,0,0,0,1,7,0.038461538461538464,0.2692307692307692,0.058823529411764705,3.7671834678914604,0
https://www.debeersgroup.com/,0,1,false_positive,0.5478640172698723,29,20,1,0,0,0,1,1,0,0,0,0,6,0.0,0.20689655172413793,0.0,3.9523029776623857,0
https://www.tiomatherapeutics.com/,0,1,false_positive,0.532452315074232,34,25,1,0,0,0,1,1,0,0,0,0,6,0.0,0.17647058823529413,0.0,3.878068268345524,0
http://www.maxinet.com.ve/personas/,1,0,false_negative,0.013531832446527592,35,18,10,0,1,0,1,0,0,0,0,0,8,0.0,0.22857142857142856,0.0,4.014438730983426,0
https://deshock.com/jp/,1,0,false_negative,0.3276560460312936,23,11,4,0,1,0,0,1,0,0,0,0,6,0.0,0.2608695652173913,0.0,3.6539967386657093,0
https://www.baselgovernance.org/,0,1,false_positive,0.7342397687282812,32,23,1,0,0,0,1,1,0,0,0,0,6,0.0,0.1875,0.0,4.054229296672174,0
https://www.namesforlife.com/,0,1,false_positive,0.668018230493357,29,20,1,0,0,0,1,1,0,0,0,0,6,0.0,0.20689655172413793,0.0,4.0472990984266435,0
https://www.cnhindustrial.com/,0,1,false_positive,0.650678420920693,30,21,1,0,0,0,1,1,0,0,0,0,6,0.0,0.2,0.0,4.031401845392171,0
https://www.myteamtriumph-wi.org/,0,1,false_positive,0.7452968258212505,33,24,1,0,0,0,1,1,0,0,0,0,7,0.0,0.21212121212121213,0.0,3.968340331348546,0
https://endoprotech-inc.business.site/,0,1,false_positive,0.8487769025939241,38,29,1,0,0,0,1,1,0,0,0,0,7,0.0,0.18421052631578946,0.0,3.882814277103395,0
https://vascular-flow.com/,0,1,false_positive,0.801112627507365,26,17,1,0,0,0,0,1,0,0,0,0,6,0.0,0.23076923076923078,0.0,4.056020968057881,0
https://www.grupposcienziamachinale.com/,0,1,false_positive,0.872826972456375,40,31,1,0,0,0,1,1,0,0,0,0,6,0.0,0.15,0.0,4.208694969562842,0
http://myhermes0de.cc,1,0,false_negative,0.21064323250663114,21,14,0,0,0,0,0,0,0,0,0,1,4,0.047619047619047616,0.19047619047619047,0.07142857142857142,3.689703732199547,0
https://www.girlsnotbrides.org/,0,1,false_positive,0.5044827791918883,31,22,1,0,0,0,1,1,0,0,0,0,6,0.0,0.1935483870967742,0.0,3.9292144551992183,0
https://www.tissue-regeneration.at/,0,1,false_positive,0.7870798317990142,35,26,1,0,0,0,1,1,0,0,0,0,7,0.0,0.2,0.0,3.8757315032041877,0
https://camptwinlakes.org/,0,1,false_positive,0.531592858398994,26,17,1,0,0,0,0,1,0,0,0,0,5,0.0,0.19230769230769232,0.0,4.103909910282363,0
https://atos.net/nl/nederland,0,1,false_positive,0.641472328820463,29,8,13,0,2,0,0,1,0,0,0,0,6,0.0,0.20689655172413793,0.0,3.590571081259866,0
https://www.jersbuffalo.org/,0,1,false_positive,0.6707110314738384,28,19,1,0,0,0,1,1,0,0,0,0,6,0.0,0.21428571428571427,0.0,4.039148671903072,0
https://www.museumspaedagogik.org/,0,1,false_positive,0.7248648525767676,34,25,1,0,0,0,1,1,0,0,0,0,6,0.0,0.17647058823529413,0.0,4.057476076289932,0
https://www.microtransponder.com/,0,1,false_positive,0.6194923759344707,33,24,1,0,0,0,1,1,0,0,0,0,6,0.0,0.18181818181818182,0.0,3.960320255394292,0
https://www.impact-innovations.com/,0,1,false_positive,0.7870798317990142,35,26,1,0,0,0,1,1,0,0,0,0,7,0.0,0.2,0.0,3.8785848023501845,0
https://www.bioregional.com/,0,1,false_positive,0.7764193116496546,28,19,1,0,0,0,1,1,0,0,0,0,6,0.0,0.21428571428571427,0.0,4.0836169753972325,0
https://www.karen-horney-institut.de/,0,1,false_positive,0.9592475736865461,37,28,1,0,0,0,1,1,0,0,0,0,8,0.0,0.21621621621621623,0.0,4.0573130823021755,0
https://www.hyundai-steel.com/en/,0,1,false_positive,0.5783679415828132,33,21,4,0,1,0,1,1,0,0,0,0,8,0.0,0.24242424242424243,0.0,4.12728313431329,0
https://tpfranchiseengagements.com/,1,0,false_negative,0.3704765878026938,35,26,1,0,0,0,0,1,0,0,0,0,5,0.0,0.14285714285714285,0.0,3.9217212310452405,0
https://www.piezoacademy.net/,0,1,false_positive,0.6516318728824999,29,20,1,0,0,0,1,1,0,0,0,0,6,0.0,0.20689655172413793,0.0,3.9952378913808873,0
https://www.firstroboticscanada.org/,0,1,false_positive,0.6861185479540116,36,27,1,0,0,0,1,1,0,0,0,0,6,0.0,0.16666666666666666,0.0,3.988554862192845,0
http://begin.entrezor.com,1,0,false_negative,0.030983445912441225,25,18,0,0,0,0,1,0,0,0,0,0,5,0.0,0.2,0.0,3.8634651896016465,0
https://www.hopkinsmedicine.org/johns_hopkins_bayview/,0,1,false_positive,0.6285288407947017,54,23,23,0,1,0,1,1,0,0,0,0,9,0.0,0.16666666666666666,0.0,4.3267501784826585,0
https://exodusverification.com,1,0,false_negative,0.21063736064212804,30,22,0,0,0,0,0,1,0,0,0,0,4,0.0,0.13333333333333333,0.0,4.164735178725505,0
https://lacell-usa.com/,0,1,false_positive,0.7274082503269439,23,14,1,0,0,0,0,1,0,0,0,0,6,0.0,0.2608695652173913,0.0,3.7622673906514947,0
https://www.globalquakemodel.org/,0,1,false_positive,0.8273824877951502,33,24,1,0,0,0,1,1,0,0,0,0,6,0.0,0.18181818181818182,0.0,4.165013816065913,0
https://webbuckeye.weebly.com/,1,0,false_negative,0.43772943185332047,30,21,1,0,0,0,1,1,0,0,0,0,6,0.0,0.2,0.0,3.8695767463163935,0
https://hahn-institute.de/en,0,1,false_positive,0.6149171834665311,28,17,3,0,1,0,0,1,0,0,0,0,6,0.0,0.21428571428571427,0.0,3.57059811909008,0
https://www.estrellamountain.edu/,0,1,false_positive,0.643637542411291,33,24,1,0,0,0,1,1,0,0,0,0,6,0.0,0.18181818181818182,0.0,4.006071013101169,0
https://sustainability-innovation.asu.edu/caplter,0,1,false_positive,0.853520842415832,49,33,8,0,1,0,1,1,0,0,0,0,7,0.0,0.14285714285714285,0.0,4.099631661308525,0
https://www.freie-hochschule-stuttgart.de,0,1,false_positive,0.7233078136639962,41,33,0,0,0,0,1,1,0,0,0,0,7,0.0,0.17073170731707318,0.0,4.064392248309453,0
https://www1.montpellier.inra.fr/wp-inra/bpmp/en/,0,1,false_positive,0.5182904042818697,49,24,17,0,3,0,2,1,0,0,0,1,11,0.02040816326530612,0.22448979591836735,0.041666666666666664,4.060853405596481,0
https://www.fondationarcad.org/en/,0,1,false_positive,0.5294254264537588,34,22,4,0,1,0,1,1,0,0,0,0,7,0.0,0.20588235294117646,0.0,3.9764499732851237,0
https://www.iresearchatlanta.com/,0,1,false_positive,0.5637708475353794,33,24,1,0,0,0,1,1,0,0,0,0,6,0.0,0.18181818181818182,0.0,3.907734270742486,0
https://group.vattenfall.com/uk/,0,1,false_positive,0.5856584222455253,32,20,4,0,1,0,1,1,0,0,0,0,7,0.0,0.21875,0.0,4.125,0
https://www.lwk-niedersachsen.de/,0,1,false_positive,0.7452968258212505,33,24,1,0,0,0,1,1,0,0,0,0,7,0.0,0.21212121212121213,0.0,3.9683403313485464,0
https://gov-uk-dvlaservices.com,1,0,false_negative,0.43367842998910083,31,23,0,0,0,0,0,1,0,0,0,0,6,0.0,0.1935483870967742,0.0,4.260332600569877,0
https://www.dresden-elektronik.de/,0,1,false_positive,0.7537147872661842,34,25,1,0,0,0,1,1,0,0,0,0,7,0.0,0.20588235294117646,0.0,3.892486650571202,0
http://testingmfa.com,1,0,false_negative,0.204489223165247,21,14,0,0,0,0,0,0,0,0,0,0,4,0.0,0.19047619047619047,0.0,3.820888851350188,0
https://www.idquantique.com/,0,1,false_positive,0.6349561183590634,28,19,1,0,0,0,1,1,0,0,0,0,6,0.0,0.21428571428571427,0.0,4.012188403968661,0
https://vhscotland.org.uk/,0,1,false_positive,0.5248731155962699,26,17,1,0,0,0,0,1,0,0,0,0,6,0.0,0.23076923076923078,0.0,4.0269868333592855,0
https://www.touchingtinylives.org/,0,1,false_positive,0.7759111054634049,34,25,1,0,0,0,1,1,0,0,0,0,6,0.0,0.17647058823529413,0.0,4.0796786498829745,0
https://fysio.dk/in-english/,0,1,false_positive,0.6350378565009578,28,8,12,0,1,0,0,1,0,0,0,0,7,0.0,0.25,0.0,3.967720100474499,0
https://www.rochalindustries.com/,0,1,false_positive,0.7892054897020094,33,24,1,0,0,0,1,1,0,0,0,0,6,0.0,0.18181818181818182,0.0,4.104407755459851,0
https://www.hka-hannover.de/startseite/,0,1,false_positive,0.5744182121544983,39,19,12,0,1,0,1,1,0,0,0,0,8,0.0,0.20512820512820512,0.0,3.935935796218897,0
http://www.alliance-instruments.com/cl50-AMS-France.html,0,1,false_positive,0.5082950364212597,56,28,21,0,1,0,1,0,0,0,0,2,10,0.03571428571428571,0.17857142857142858,0.0,4.434250404386514,0
https://www.smibciosec.alviniao.com,1,0,false_negative,0.3184767535823111,35,27,0,0,0,0,2,1,0,0,0,0,6,0.0,0.17142857142857143,0.0,3.9928705166358984,0
https://geco-moldes.pt/,0,1,false_positive,0.7274082503269439,23,14,1,0,0,0,0,1,0,0,0,0,6,0.0,0.2608695652173913,0.0,3.7622673906514947,0
https://www.hl7.org/about/hl7europeoffice.cfm?ref=nav,0,1,false_positive,0.5292842533106057,53,11,26,7,2,1,1,1,0,0,1,2,10,0.03773584905660377,0.18867924528301888,0.09090909090909091,4.4491574826609845,0
https://www.browncountylibrary.org/,0,1,false_positive,0.6887111553123223,35,26,1,0,0,0,1,1,0,0,0,0,6,0.0,0.17142857142857143,0.0,4.0360069453309535,0
https://hospitaligualada.csa.cat/,0,1,false_positive,0.5059676340470918,33,24,1,0,0,0,1,1,0,0,0,0,6,0.0,0.18181818181818182,0.0,3.680165331217427,0
https://www.printedelectronics.com/,0,1,false_positive,0.6663355921256465,35,26,1,0,0,0,1,1,0,0,0,0,6,0.0,0.17142857142857143,0.0,3.9572958738405695,0
https://www.jamestowneducationfoundation.org/,0,1,false_positive,0.9079397423367078,45,36,1,0,0,0,1,1,0,0,0,0,6,0.0,0.13333333333333333,0.0,4.142318519591885,0
https://clore-foundation.org.il/,0,1,false_positive,0.7775860809214602,32,23,1,0,0,0,0,1,0,0,0,0,7,0.0,0.21875,0.0,4.140319531114783,0
http://leec.univ-paris13.fr,0,1,false_positive,0.6408721285149696,27,20,0,0,0,0,1,0,0,0,0,2,6,0.07407407407407407,0.2222222222222222,0.1,4.236368983644952,0
https://tt.reviewshake.com/index.php,1,0,false_negative,0.27170914479126823,36,18,10,0,1,0,1,1,0,0,0,0,7,0.0,0.19444444444444445,0.0,4.086048612313037,0
https://www.unitedcharitable.org/,0,1,false_positive,0.8255542722216093,33,24,1,0,0,0,1,1,0,0,0,0,6,0.0,0.18181818181818182,0.0,4.150158513166728,0
https://www.kelliherinsured.com/,0,1,false_positive,0.7954925021150889,32,23,1,0,0,0,1,1,0,0,0,0,6,0.0,0.1875,0.0,4.116729296672174,0
https://www.trividiahealth.com/,0,1,false_positive,0.5703277737342983,31,22,1,0,0,0,1,1,0,0,0,0,6,0.0,0.1935483870967742,0.0,3.953565664946427,0
https://www.tdicinsurance.com/,0,1,false_positive,0.6402723747364852,30,21,1,0,0,0,1,1,0,0,0,0,6,0.0,0.2,0.0,4.0062389286533895,0
https://www.duerrdental.com/en/home/?changeLang=1,0,1,false_positive,0.7823693365772267,49,19,9,12,2,1,1,1,0,0,1,1,10,0.02040816326530612,0.20408163265306123,0.0,4.303713293961586,0
https://www.alcatel-lucent.com/us/directory,0,1,false_positive,0.6699829731094963,43,22,13,0,2,0,1,1,0,0,0,0,8,0.0,0.18604651162790697,0.0,4.1733739877037905,0
https://mcc.iavalley.edu/,0,1,false_positive,0.5816098107559352,25,16,1,0,0,0,1,1,0,0,0,0,6,0.0,0.24,0.0,3.973660689688185,0
http://resgatedepontos.sa.com/,1,0,false_negative,0.0209767180086078,30,22,1,0,0,0,1,0,0,0,0,0,6,0.0,0.2,0.0,3.8062389286533893,0
https://www.lucchiniidromeccanica.it/,0,1,false_positive,0.6613913473348108,37,28,1,0,0,0,1,1,0,0,0,0,6,0.0,0.16216216216216217,0.0,3.980157596565058,0
https://npcs.pages.dev/,1,0,false_negative,0.029222108446951913,23,14,1,0,0,0,1,1,0,0,0,0,6,0.0,0.2608695652173913,0.0,3.6424896731661263,0
https://wallopku.vercel.app/,1,0,false_negative,0.43512232788863664,28,19,1,0,0,0,1,1,0,0,0,0,6,0.0,0.21428571428571427,0.0,3.8962915290459277,0
https://dissas.click/,1,0,false_negative,0.1447507858450168,21,12,1,0,0,0,0,1,0,0,0,0,5,0.0,0.23809523809523808,0.0,3.4992275417233563,0
https://www.hochschule-kirchenmusik.de,0,1,false_positive,0.5787609031122735,38,30,0,0,0,0,1,1,0,0,0,0,6,0.0,0.15789473684210525,0.0,4.1261067112569885,0
https://gutidentity.com/wp-manager/sitemapproton/wp-customize-background/others/index.html,1,0,false_negative,0.4904454493336549,90,15,67,0,5,0,0,1,0,0,0,0,13,0.0,0.14444444444444443,0.0,4.415650848300132,0
https://www.thalesgroup.com/en/united-kingdom,0,1,false_positive,0.6365262245322001,45,19,18,0,2,0,1,1,0,0,0,0,8,0.0,0.17777777777777778,0.0,4.313640873915143,0
https://covid19-sciencetable.ca/,0,1,false_positive,0.9587303636380621,32,23,1,0,0,0,0,1,0,0,0,2,6,0.0625,0.1875,0.08695652173913043,4.116729296672174,0
https://kipac.stanford.edu/,0,1,false_positive,0.6627657473659881,27,18,1,0,0,0,1,1,0,0,0,0,6,0.0,0.2222222222222222,0.0,4.032303242743954,0
https://www.unlimitedabilities.org/,0,1,false_positive,0.7685406879384514,35,26,1,0,0,0,1,1,0,0,0,0,6,0.0,0.17142857142857143,0.0,4.068728288980287,0
https://www.landbruksdirektoratet.no/en/,0,1,false_positive,0.6923609591083195,40,28,4,0,1,0,1,1,0,0,0,0,7,0.0,0.175,0.0,4.056198332810094,0
https://app.programadepontos.click,1,0,false_negative,0.24115119116139783,34,26,0,0,0,0,1,1,0,0,0,0,5,0.0,0.14705882352941177,0.0,4.0323362829877745,0
https://reigenn.sorbonne-universite.fr,0,1,false_positive,0.5050613325639519,38,30,0,0,0,0,1,1,0,0,0,0,6,0.0,0.15789473684210525,0.0,3.893086896197163,0
https://wiffeyeye.weebly.com/,1,0,false_negative,0.41924920794080583,29,20,1,0,0,0,1,1,0,0,0,0,6,0.0,0.20689655172413793,0.0,3.8538632199977876,0
https://worldhealthaltrust.org/index2,0,1,false_positive,0.9634686054667847,37,22,7,0,1,0,0,1,0,0,0,1,5,0.02702702702702703,0.13513513513513514,0.0,4.111367136356229,0
https://www.wheelinteam457.net/,0,1,false_positive,0.8203788385554975,31,22,1,0,0,0,1,1,0,0,0,3,6,0.0967741935483871,0.1935483870967742,0.13636363636363635,3.8330709070912787,0
https://ololrmc.com/Pages/Regional-Medical-Center.aspx,0,1,false_positive,0.5363327706608727,54,11,35,0,2,0,0,1,0,0,0,0,9,0.0,0.16666666666666666,0.0,4.386844854368521,0
https://jeppiaarcollege.org/jeppiaar/,0,1,false_positive,0.8236073864324136,37,19,10,0,1,0,0,1,0,0,0,0,6,0.0,0.16216216216216217,0.0,3.7941958527478614,0
https://www.nemocnicekutnahora.cz/,0,1,false_positive,0.7776037950325433,34,25,1,0,0,0,1,1,0,0,0,0,6,0.0,0.17647058823529413,0.0,4.094097032108653,0
https://ixp-duesseldorf.de/,0,1,false_positive,0.7572285341876195,27,18,1,0,0,0,0,1,0,0,0,0,6,0.0,0.2222222222222222,0.0,3.9023115759170297,0
https://wellness.allinahealth.org/servicelines/802,0,1,false_positive,0.9351111368511269,50,25,17,0,2,0,1,1,0,0,0,3,7,0.06,0.14,0.0,4.075783629896563,0
https://www.transparencylab.com/,0,1,false_positive,0.6298183786384862,32,23,1,0,0,0,1,1,0,0,0,0,6,0.0,0.1875,0.0,4.030639062229566,0
https://www.firstdaytoncyberknife.com/,0,1,false_positive,0.8583880623065148,38,29,1,0,0,0,1,1,0,0,0,0,6,0.0,0.15789473684210525,0.0,4.260828171224454,0
https://itron.com/fr,0,1,false_positive,0.6481143843838862,20,9,3,0,1,0,0,1,0,0,0,0,5,0.0,0.25,0.0,3.646439344671015,0
https://houseoflights.co.za/,1,0,false_negative,0.32357927349318616,28,19,1,0,0,0,0,1,0,0,0,0,6,0.0,0.21428571428571427,0.0,3.8868392966712704,0
https://law.sgcdn.edu.bd/bbds/clientemailcessdevwebsab.html,1,0,false_negative,0.31794904971664206,59,16,35,0,2,0,1,1,0,0,0,0,9,0.0,0.15254237288135594,0.0,4.090293795771087,0
https://www.waterloopubliclibrary.org/,0,1,false_positive,0.7624855315744345,38,29,1,0,0,0,1,1,0,0,0,0,6,0.0,0.15789473684210525,0.0,4.063202513215852,0
https://sci-monitoring.com/,0,1,false_positive,0.7133767886554563,27,18,1,0,0,0,0,1,0,0,0,0,6,0.0,0.2222222222222222,0.0,3.7541634277688813,0
https://www.adventisthealth.org/Bakersfield,0,1,false_positive,0.8519347767261665,43,23,12,0,1,0,1,1,0,0,0,0,6,0.0,0.13953488372093023,0.0,4.184774568998512,0
https://www.colorworld.ir/wp-includes/assets/llnnddeexx.html,1,0,false_negative,0.36652537934679796,60,17,35,0,3,0,1,1,0,0,0,0,10,0.0,0.16666666666666666,0.0,4.184253155003663,0
https://brasilarcelormittal.com.br/,1,0,false_negative,0.46095891137981376,35,26,1,0,0,0,0,1,0,0,0,0,6,0.0,0.17142857142857143,0.0,3.8645783739023827,0
https://www.theseanyfoundation.org/,0,1,false_positive,0.7704519203990274,35,26,1,0,0,0,1,1,0,0,0,0,6,0.0,0.17142857142857143,0.0,4.071581588126284,0
https://www.alberta-mennega-stichting.nl,0,1,false_positive,0.8121762616478232,40,32,0,0,0,0,1,1,0,0,0,0,7,0.0,0.175,0.0,4.075070520364181,0
https://www.missouri-breaks.com/,0,1,false_positive,0.8073427553622251,32,23,1,0,0,0,1,1,0,0,0,0,7,0.0,0.21875,0.0,4.077819531114783,0
https://www.fastbasesolutions.com/,0,1,false_positive,0.6332161923824533,34,25,1,0,0,0,1,1,0,0,0,0,6,0.0,0.17647058823529413,0.0,3.973512753576009,0
https://schafer-n.com/,0,1,false_positive,0.6085107502271017,22,13,1,0,0,0,0,1,0,0,0,0,6,0.0,0.2727272727272727,0.0,3.8796640049025926,0
https://www.shrinershospitalsforchildren.org/mexico-city,0,1,false_positive,0.8034800441527811,56,36,12,0,1,0,1,1,0,0,0,0,7,0.0,0.125,0.0,4.274346503629671,0
https://www.wilcotx.gov/275/Conservation-Foundation,0,1,false_positive,0.9361647436538502,51,15,28,0,2,0,1,1,0,0,0,3,8,0.058823529411764705,0.1568627450980392,0.0,4.419988028619983,0
https://www.conwayregional.org/,0,1,false_positive,0.6304426167174922,31,22,1,0,0,0,1,1,0,0,0,0,6,0.0,0.1935483870967742,0.0,4.0022680844408445,0
https://www.visualez.com/PDF/testambiences/mmmimge.html,1,0,false_negative,0.4429113518526188,55,16,31,0,3,0,1,1,0,0,0,0,9,0.0,0.16363636363636364,0.0,4.240540288357312,0
https://www.eagleburgmann.com/en,0,1,false_positive,0.7360031938306275,32,21,3,0,1,0,1,1,0,0,0,0,6,0.0,0.1875,0.0,4.093139062229566,0
https://www.juniorachievement.org/web/ja-delaware/,0,1,false_positive,0.6421570204001411,50,25,17,0,2,0,1,1,0,0,0,0,9,0.0,0.18,0.0,4.279079570624175,0
https://www.natuurmuseumbrabant.nl/,0,1,false_positive,0.5420444847131555,35,26,1,0,0,0,1,1,0,0,0,0,6,0.0,0.17142857142857143,0.0,3.843010159554855,0
https://www.policiajudiciaria.pt/lpc,0,1,false_positive,0.5456398535392237,36,24,4,0,1,0,1,1,0,0,0,0,6,0.0,0.16666666666666666,0.0,3.8537006129630296,0
https://www.braininsightsonline.com/,0,1,false_positive,0.6884117544506563,36,27,1,0,0,0,1,1,0,0,0,0,6,0.0,0.16666666666666666,0.0,4.030493056757482,0
https://www.diamondaircraft.com/en/,0,1,false_positive,0.6155208583561459,35,23,4,0,1,0,1,1,0,0,0,0,7,0.0,0.2,0.0,4.036006945330954,0
https://www.ils-forschung.de/ils-research/,0,1,false_positive,0.7120951363525547,42,20,14,0,1,0,1,1,0,0,0,0,9,0.0,0.21428571428571427,0.0,4.186860506514696,0
https://gutidentity.com/wp-manager/sitemapproton/wp-customize-background/?email=redacted@redacted.tld,1,0,false_negative,0.49810987705484877,101,15,50,27,3,1,0,1,0,0,1,0,15,0.0,0.1485148514851485,0.0,4.4396648531834835,0
https://www.xeus-technologies.com/,0,1,false_positive,0.8016089995327554,34,25,1,0,0,0,1,1,0,0,0,0,7,0.0,0.20588235294117646,0.0,4.07189445851561,0
https://www.otsuka-europe.com/es/home,0,1,false_positive,0.5050742399002135,37,21,8,0,2,0,1,1,0,0,0,0,8,0.0,0.21621621621621623,0.0,3.9050030276156957,0
https://www.tripleringtech.com/,0,1,false_positive,0.552526242680913,31,22,1,0,0,0,1,1,0,0,0,0,6,0.0,0.1935483870967742,0.0,3.937751955408586,0
https://itauonline.digital,1,0,false_negative,0.1175154117737186,26,18,0,0,0,0,0,1,0,0,0,0,4,0.0,0.15384615384615385,0.0,3.7773627950641684,0
http://bodamnhattam.com/memx/force_login,1,0,false_negative,0.4169192284151076,40,16,17,0,2,0,0,0,0,0,0,0,7,0.0,0.175,0.0,4.112814895472355,1
https://humantechnopole.it/it/,0,1,false_positive,0.5446830532563185,30,18,4,0,1,0,0,1,0,0,0,0,6,0.0,0.2,0.0,3.7614063297218423,0
https://www.sunrisemedical.com/,0,1,false_positive,0.785171113971454,31,22,1,0,0,0,1,1,0,0,0,0,6,0.0,0.1935483870967742,0.0,4.106949132758152,0
https://medicine.umich.edu/medschool/,0,1,false_positive,0.5308887323381635,37,18,11,0,1,0,1,1,0,0,0,0,7,0.0,0.1891891891891892,0.0,3.8641982977690223,0
https://www.sistemasgenomicos.com/web_sg/,0,1,false_positive,0.5597528404066451,41,25,8,0,1,0,1,1,0,0,0,0,8,0.0,0.1951219512195122,0.0,3.930007492106357,0
http://app-sizecredit-rpcsync.pages.dev/,1,0,false_negative,0.23610531350379227,40,32,1,0,0,0,1,0,0,0,0,0,8,0.0,0.2,0.0,4.056198332810094,0
https://www.iccms.edu/Home/portalid/0,0,1,false_positive,0.8075470553362823,37,13,16,0,3,0,1,1,0,0,0,1,8,0.02702702702702703,0.21621621621621623,0.0,4.152171866202904,0
https://ptvady.click/,1,0,false_negative,0.12149563593164996,21,12,1,0,0,0,0,1,0,0,0,0,5,0.0,0.23809523809523808,0.0,3.748994803525096,0
https://www.transmuralsystems.com/,0,1,false_positive,0.572460314092415,34,25,1,0,0,0,1,1,0,0,0,0,6,0.0,0.17647058823529413,0.0,3.9146892241642446,0
https://www.wienerstadtwerke.at/eportal3/,0,1,false_positive,0.8005522050005415,41,23,10,0,1,0,1,1,0,0,0,1,7,0.024390243902439025,0.17073170731707318,0.0,3.8395317373613156,0
https://www.jointactivesystems.com/,0,1,false_positive,0.6663355921256465,35,26,1,0,0,0,1,1,0,0,0,0,6,0.0,0.17142857142857143,0.0,3.9544425746945726,0
http://transactiva.rf.gd,1,0,false_negative,0.01643110822525122,24,17,0,0,0,0,1,0,0,0,0,0,5,0.0,0.20833333333333334,0.0,3.8035088547976788,0
https://www.voestalpine.com/de,0,1,false_positive,0.5883801513094634,30,19,3,0,1,0,1,1,0,0,0,0,6,0.0,0.2,0.0,4.0062389286533895,0
https://www.siteonetherapeutics.com/,0,1,false_positive,0.6120271512470599,36,27,1,0,0,0,1,1,0,0,0,0,6,0.0,0.16666666666666666,0.0,3.8956388075276664,0
https://www.kennedy-center.org/wno/index,0,1,false_positive,0.564800602408669,40,22,10,0,2,0,1,1,0,0,0,0,8,0.0,0.2,0.0,4.022573883611435,0
https://www.bevanfoundation.org/,0,1,false_positive,0.8029174418470406,32,23,1,0,0,0,1,1,0,0,0,0,6,0.0,0.1875,0.0,4.132048827786958,0
https://www.molecularpartners.com/,0,1,false_positive,0.6367354471115929,34,25,1,0,0,0,1,1,0,0,0,0,6,0.0,0.17647058823529413,0.0,3.998652546878167,0
http://investmentpulse.net,1,0,false_negative,0.47632169025276655,26,19,0,0,0,0,0,0,0,0,0,0,4,0.0,0.15384615384615385,0.0,3.5325732575026194,0
https://corinahigginsontrust.wordpress.com/,0,1,false_positive,0.8143922342491402,43,34,1,0,0,0,1,1,0,0,0,0,6,0.0,0.13953488372093023,0.0,4.03383910398286,0
https://www.bannerhealthfoundation.org/,0,1,false_positive,0.8284500627539712,39,30,1,0,0,0,1,1,0,0,0,0,6,0.0,0.15384615384615385,0.0,4.111698692943855,0
https://www.catalinasearanch.com/,0,1,false_positive,0.528006537485811,33,24,1,0,0,0,1,1,0,0,0,0,6,0.0,0.18181818181818182,0.0,3.873812589567827,0
https://www.pfaff-industrial.com/de/,0,1,false_positive,0.6661212125412077,36,24,4,0,1,0,1,1,0,0,0,0,8,0.0,0.2222222222222222,0.0,4.218128820706466,0
https://www.conservatoire-arts-mali.org/,0,1,false_positive,0.9553487003468786,40,31,1,0,0,0,1,1,0,0,0,0,8,0.0,0.2,0.0,4.127567157116928,0
https://www.marygrove.edu/,0,1,false_positive,0.6387911240967068,26,17,1,0,0,0,1,1,0,0,0,0,6,0.0,0.23076923076923078,0.0,4.026986833359286,0
https://mondiairetour.com/,1,0,false_negative,0.2529098727415142,26,17,1,0,0,0,0,1,0,0,0,0,5,0.0,0.19230769230769232,0.0,3.921029621737614,0
https://www.fryske-akademy.nl/,0,1,false_positive,0.7160390420033051,30,21,1,0,0,0,1,1,0,0,0,0,7,0.0,0.23333333333333334,0.0,4.12323142879762,0
https://www.stand2learn.com/,0,1,false_positive,0.9165359809114407,28,19,1,0,0,0,1,1,0,0,0,1,6,0.03571428571428571,0.21428571428571427,0.05263157894736842,4.012188403968661,0
https://www.columbuslibrary.org/,0,1,false_positive,0.7954925021150889,32,23,1,0,0,0,1,1,0,0,0,0,6,0.0,0.1875,0.0,4.116729296672174,0
https://www.wisconsinproject.org/,0,1,false_positive,0.5185467508146504,33,24,1,0,0,0,1,1,0,0,0,0,6,0.0,0.18181818181818182,0.0,3.8619835130356086,0
https://www.hamburger-kunsthalle.de/,0,1,false_positive,0.8530854262598545,36,27,1,0,0,0,1,1,0,0,0,0,7,0.0,0.19444444444444445,0.0,4.17619062614183,0
https://www.pfeiffer-vacuum.com/en/,0,1,false_positive,0.5771379514816064,35,23,4,0,1,0,1,1,0,0,0,0,8,0.0,0.22857142857142856,0.0,4.150292659616668,0
https://www.charlestonmuseum.org/,0,1,false_positive,0.6714431911746892,33,24,1,0,0,0,1,1,0,0,0,0,6,0.0,0.18181818181818182,0.0,4.043801694853791,0
https://viccancerbiobank.org.au/,0,1,false_positive,0.7691640899990559,32,23,1,0,0,0,0,1,0,0,0,0,6,0.0,0.1875,0.0,4.116729296672174,1
https://www.frisianflag.com/,0,1,false_positive,0.6707110314738384,28,19,1,0,0,0,1,1,0,0,0,0,6,0.0,0.21428571428571427,0.0,4.039148671903071,0
https://hu.wessling-group.com/hu/,0,1,false_positive,0.5307876965412601,33,21,4,0,1,0,1,1,0,0,0,0,8,0.0,0.24242424242424243,0.0,4.066677073707229,0
https://www.alliancefoundationtrials.org/,0,1,false_positive,0.8364416776719429,41,32,1,0,0,0,1,1,0,0,0,0,6,0.0,0.14634146341463414,0.0,4.125129443325869,0
https://www.christushealth.org/santa-rosa,0,1,false_positive,0.7620618979406202,41,22,11,0,1,0,1,1,0,0,0,0,7,0.0,0.17073170731707318,0.0,3.955504603267742,0
https://www.citizensforethics.org/,0,1,false_positive,0.6067832109418967,34,25,1,0,0,0,1,1,0,0,0,0,6,0.0,0.17647058823529413,0.0,3.939829017466402,0
https://www.bayerisches-nationalmuseum.de/index.php?id=1&L=1,0,1,false_positive,0.677618661236276,60,33,10,8,1,2,1,1,0,0,1,2,12,0.03333333333333333,0.2,0.0,4.600163462376718,0
https://www.shrinershospitalsforchildren.org/boston,0,1,false_positive,0.7045020805779373,51,36,7,0,1,0,1,1,0,0,0,0,6,0.0,0.11764705882352941,0.0,4.069511499582194,0
https://www.canadiantransplant.com/,0,1,false_positive,0.5420444847131555,35,26,1,0,0,0,1,1,0,0,0,0,6,0.0,0.17142857142857143,0.0,3.8401568604088583,0
https://www.multiplesklerose.ch/de/,0,1,false_positive,0.5845914764726278,35,23,4,0,1,0,1,1,0,0,0,0,7,0.0,0.2,0.0,3.957295873840569,0
https://www.rentschler-biopharma.com/,0,1,false_positive,0.8916107276394405,37,28,1,0,0,0,1,1,0,0,0,0,7,0.0,0.1891891891891892,0.0,4.134468568039292,0
https://www.institutochicago.org/,0,1,false_positive,0.5039499156473427,33,24,1,0,0,0,1,1,0,0,0,0,6,0.0,0.18181818181818182,0.0,3.8132065289617665,0
https://sirdc.ac.zw/national-metrology-institute/,0,1,false_positive,0.5896090108734657,49,11,30,0,1,0,0,1,0,0,0,0,9,0.0,0.1836734693877551,0.0,4.254076487726287,0
https://www.helmholtz-berlin.de/,0,1,false_positive,0.7548737276341178,32,23,1,0,0,0,1,1,0,0,0,0,7,0.0,0.21875,0.0,4.045958593344349,0
https://zeta-economics.wixsite.com/zeta-economics,0,1,false_positive,0.6786704807051939,49,26,15,0,1,0,1,1,0,0,0,0,8,0.0,0.16326530612244897,0.0,3.9422948052973674,0
https://www.ion-beam-services.com/,0,1,false_positive,0.9308494623389145,34,25,1,0,0,0,1,1,0,0,0,0,8,0.0,0.23529411764705882,0.0,4.1162996057016965,0
https://www.dclibrary.org/,0,1,false_positive,0.5977872496056502,26,17,1,0,0,0,1,1,0,0,0,0,6,0.0,0.23076923076923078,0.0,3.997952698660691,0
https://www.youngsurvival.org/,0,1,false_positive,0.756071253584431,30,21,1,0,0,0,1,1,0,0,0,0,6,0.0,0.2,0.0,4.056564762130954,0
https://www.bgu-frankfurt.de/,0,1,false_positive,0.7150378564475922,29,20,1,0,0,0,1,1,0,0,0,0,7,0.0,0.2413793103448276,0.0,4.090234012145144,0
https://www.diabeteswellness.net/,0,1,false_positive,0.5113225491639967,33,24,1,0,0,0,1,1,0,0,0,0,6,0.0,0.18181818181818182,0.0,3.6394084230978385,0
https://enlytepromostore.host/,1,0,false_negative,0.36434002011944516,30,21,1,0,0,0,0,1,0,0,0,0,5,0.0,0.16666666666666666,0.0,3.577747162910945,0
https://cad-instruments.com/,0,1,false_positive,0.7385757861500385,28,19,1,0,0,0,0,1,0,0,0,0,6,0.0,0.21428571428571427,0.0,3.9677201004744993,0
https://www.rockfordpubliclibrary.org/,0,1,false_positive,0.857727248680446,38,29,1,0,0,0,1,1,0,0,0,0,6,0.0,0.15789473684210525,0.0,4.198603750787606,0
https://www.globalfundforwomen.org/,0,1,false_positive,0.8202044042620577,35,26,1,0,0,0,1,1,0,0,0,0,6,0.0,0.17142857142857143,0.0,4.1362862311688655,0
https://www.klinik-friedenweiler.de/,0,1,false_positive,0.7936919342780446,36,27,1,0,0,0,1,1,0,0,0,0,7,0.0,0.19444444444444445,0.0,3.882021446536749,0
https://premier-research.com/,0,1,false_positive,0.6778000212375774,29,20,1,0,0,0,0,1,0,0,0,0,6,0.0,0.20689655172413793,0.0,3.7285021157426255,0
https://networks.h-net.org/h-net,0,1,false_positive,0.5258581518298105,32,18,6,0,1,0,1,1,0,0,0,0,8,0.0,0.25,0.0,3.730337797403416,0
https://meta-squad.pages.dev/,1,0,false_negative,0.43857675617352593,29,20,1,0,0,0,1,1,0,0,0,0,7,0.0,0.2413793103448276,0.0,3.83127625337525,0
https://zviigvo.com/,1,0,false_negative,0.11156047450901616,20,11,1,0,0,0,0,1,0,0,0,0,5,0.0,0.25,0.0,3.6841837197791882,0
https://www.vistexcomposites.com/,0,1,false_positive,0.5040916949706454,33,24,1,0,0,0,1,1,0,0,0,0,6,0.0,0.18181818181818182,0.0,3.7636467706769263,0
https://www.ncdr.nat.gov.tw/Home.aspx?WebSiteID=873f5b27-b86d-4d5c-a356-c369768bffe9,0,1,false_positive,0.8930882785375396,84,19,10,46,1,1,2,1,0,0,1,20,15,0.23809523809523808,0.17857142857142858,0.0,5.011207083869894,0
https://mass.revewu.cc/us,1,0,false_negative,0.2813126529860713,25,14,3,0,1,0,1,1,0,0,0,0,6,0.0,0.24,0.0,3.7336606896881857,0
https://www.sarnofffoundation.org/,0,1,false_positive,0.572460314092415,34,25,1,0,0,0,1,1,0,0,0,0,6,0.0,0.17647058823529413,0.0,3.9176264438733592,0
https://mifne-autism.com/,0,1,false_positive,0.7385049000279003,25,16,1,0,0,0,0,1,0,0,0,0,6,0.0,0.24,0.0,3.913269689515107,0
https://boulderlearning.com/,0,1,false_positive,0.5105760308027011,28,19,1,0,0,0,0,1,0,0,0,0,5,0.0,0.17857142857142858,0.0,4.208966082694623,0
https://www1.nyc.gov/site/fdny/about/overview/overview.page,0,1,false_positive,0.5267834823532604,59,12,39,0,5,0,1,1,0,0,0,1,11,0.01694915254237288,0.1864406779661017,0.08333333333333333,4.223485161024032,0
https://www.tokyokita-jadecom.jp/,0,1,false_positive,0.8112632728421865,33,24,1,0,0,0,1,1,0,0,0,0,7,0.0,0.21212121212121213,0.0,4.06667707370723,0
https://www.interpublic.com/,0,1,false_positive,0.6349561183590634,28,19,1,0,0,0,1,1,0,0,0,0,6,0.0,0.21428571428571427,0.0,4.012188403968661,0
https://fdtebc.weebly.com/,1,0,false_negative,0.34547067467125037,26,17,1,0,0,0,1,1,0,0,0,0,6,0.0,0.23076923076923078,0.0,3.921029621737614,0
https://www.cobaltinstitute.org/,0,1,false_positive,0.6034778146706276,32,23,1,0,0,0,1,1,0,0,0,0,6,0.0,0.1875,0.0,3.9681390622295662,0
https://www.home24bank.com/,0,1,false_positive,0.9747619890840579,27,18,1,0,0,0,1,1,0,0,0,2,6,0.07407407407407407,0.2222222222222222,0.1111111111111111,4.032303242743954,1
https://www.fightingchance.org/,0,1,false_positive,0.5044827791918883,31,22,1,0,0,0,1,1,0,0,0,0,6,0.0,0.1935483870967742,0.0,3.9292144551992183,0
https://www.corvallisenvironmentalcenter.org/,0,1,false_positive,0.8709816031298453,45,36,1,0,0,0,1,1,0,0,0,0,6,0.0,0.13333333333333333,0.0,4.091418651692922,0
https://www.centrastatefoundation.org/,0,1,false_positive,0.7132929562790568,38,29,1,0,0,0,1,1,0,0,0,0,6,0.0,0.15789473684210525,0.0,4.003606131466104,0
https://phononic.com/meet-us/,0,1,false_positive,0.6128790955110089,29,12,9,0,1,0,0,1,0,0,0,0,7,0.0,0.2413793103448276,0.0,3.771437029461126,0
https://bit.ly/m/myxfinity,1,0,false_negative,0.4475064824748802,26,6,12,0,2,0,0,1,0,0,0,0,6,0.0,0.23076923076923078,0.0,3.642371448743902,0
https://nspti.weebly.com/,1,0,false_negative,0.4260235569419446,25,16,1,0,0,0,1,1,0,0,0,0,6,0.0,0.24,0.0,3.9434651896016457,0
https://www.arrowheadmedcenter.org/,0,1,false_positive,0.5783232986083751,35,26,1,0,0,0,1,1,0,0,0,0,6,0.0,0.17142857142857143,0.0,3.88614658824991,0
https://dash-spask.wuaze.com/.tmb/-/-/-/-/-/a/B/c/css/?p=kIqms,1,0,false_negative,0.3988289682220736,62,20,26,7,10,1,1,1,0,0,1,0,25,0.0,0.4032258064516129,0.0,4.034173515138785,0
http://paychexflexhr.weebly.com,1,0,false_negative,0.2332543884073327,31,24,0,0,0,0,1,0,0,0,0,0,5,0.0,0.16129032258064516,0.0,4.026619294188053,0
https://efts.univ-tlse2.fr,0,1,false_positive,0.5457901180432997,26,18,0,0,0,0,1,1,0,0,0,1,6,0.038461538461538464,0.23076923076923078,0.05555555555555555,3.9021748142117274,0
https://www.carbonvalleyanimalhospital.com/,0,1,false_positive,0.8980798345770848,43,34,1,0,0,0,1,1,0,0,0,0,6,0.0,0.13953488372093023,0.0,4.1558184643976634,0
https://delta-technologies.fr/,0,1,false_positive,0.8245007405905889,30,21,1,0,0,0,0,1,0,0,0,0,6,0.0,0.2,0.0,4.056564762130954,0
https://joliot.cea.fr/drf/joliot/Pages/ARCHIVES/I2BM/I2BM/Pr%C3%A9sentation/Presentation.aspx,0,1,false_positive,0.5910010507906732,93,13,72,0,8,0,1,1,0,0,0,4,16,0.043010752688172046,0.17204301075268819,0.0,4.756119672581134,0
https://www.belleville.net/350/Library,0,1,false_positive,0.9335932696790306,38,18,12,0,2,0,1,1,0,0,0,3,7,0.07894736842105263,0.18421052631578946,0.0,4.155565013329719,0
https://www.localdatacompany.com/,0,1,false_positive,0.5083944286570786,33,24,1,0,0,0,1,1,0,0,0,0,6,0.0,0.18181818181818182,0.0,3.839108134182171,0
https://www.ivoclarvivadent.de/,0,1,false_positive,0.6338388533190669,31,22,1,0,0,0,1,1,0,0,0,0,6,0.0,0.1935483870967742,0.0,4.018081793978685,0
https://www.aqua-consult.de/,0,1,false_positive,0.5060250301016426,28,19,1,0,0,0,1,1,0,0,0,0,7,0.0,0.25,0.0,4.012188403968661,0
http://xn--findm-1g2b.com/pRk,1,0,false_negative,0.22333298341643143,29,18,4,0,1,0,0,0,0,0,0,2,8,0.06896551724137931,0.27586206896551724,0.1111111111111111,4.254195650150781,0
https://www.sanfordhealthfoundation.org/,0,1,false_positive,0.8220228697538718,40,31,1,0,0,0,1,1,0,0,0,0,6,0.0,0.15,0.0,4.077567157116928,0
https://www.rgb-medical.com/,0,1,false_positive,0.6958897883253318,28,19,1,0,0,0,1,1,0,0,0,0,7,0.0,0.25,0.0,4.182005814760213,0
https://www.bouldermicrofinance.org/,0,1,false_positive,0.8635914871775974,36,27,1,0,0,0,1,1,0,0,0,0,6,0.0,0.16666666666666666,0.0,4.308270834535259,0
https://spinalcordiowa.wordpress.com/,0,1,false_positive,0.6613913473348108,37,28,1,0,0,0,1,1,0,0,0,0,6,0.0,0.16216216216216217,0.0,4.013111135723805,0
https://www.stemcellimmuneregenerative.com/,0,1,false_positive,0.813946399424034,43,34,1,0,0,0,1,1,0,0,0,0,6,0.0,0.13953488372093023,0.0,4.050421511475815,0
https://kailoswlpsa.blogspot.com,1,0,false_negative,0.3324808117620681,32,24,0,0,0,0,1,1,0,0,0,0,5,0.0,0.15625,0.0,3.8667292966721747,0
https://www.group-irsea.com/,0,1,false_positive,0.5427171452871167,28,19,1,0,0,0,1,1,0,0,0,0,7,0.0,0.25,0.0,4.039148671903071,0
https://www.lindgren-pitman.com/,0,1,false_positive,0.835077579151171,32,23,1,0,0,0,1,1,0,0,0,0,7,0.0,0.21875,0.0,4.155639062229566,0
https://dhelsy.click/,1,0,false_negative,0.1241929246063014,21,12,1,0,0,0,0,1,0,0,0,0,5,0.0,0.23809523809523808,0.0,3.6897037321995474,0
http://opdrmetinyilmaz.com/,1,0,false_negative,0.05392425038055701,27,19,1,0,0,0,0,0,0,0,0,0,5,0.0,0.18518518518518517,0.0,4.004344446367528,0
http://inserm-umr991.univ-rennes1.fr/?lang=en,0,1,false_positive,0.5891285658055273,45,29,1,7,0,1,1,0,0,0,1,4,10,0.08888888888888889,0.2222222222222222,0.13793103448275862,4.285971707296554,0
https://www.artinstitutes.edu/atlanta/,0,1,false_positive,0.5264197415941451,38,21,9,0,1,0,1,1,0,0,0,0,7,0.0,0.18421052631578946,0.0,3.681880802803402,0
http://suitetrezorsuite.com,1,0,false_negative,0.4854218917208973,27,20,0,0,0,0,0,0,0,0,0,0,4,0.0,0.14814814814814814,0.0,3.7043494289560517,0
https://www.interdigital.com/,0,1,false_positive,0.6542470615343617,29,20,1,0,0,0,1,1,0,0,0,0,6,0.0,0.20689655172413793,0.0,4.021268494903765,0
https://app.resgatecombo.click,1,0,false_negative,0.33032282310120126,30,22,0,0,0,0,1,1,0,0,0,0,5,0.0,0.16666666666666666,0.0,4.031401845392171,0
https://www.ceped.org/fr/Axes/Presentation-Axe-1,0,1,false_positive,0.7707426789190501,48,13,27,0,3,0,1,1,0,0,0,1,10,0.020833333333333332,0.20833333333333334,0.0,4.2644608760283615,0
https://www.briq-institute.org/,0,1,false_positive,0.5905248411772978,31,22,1,0,0,0,1,1,0,0,0,0,7,0.0,0.22580645161290322,0.0,3.92599298842148,0
https://www.gerbertechnology.com/,0,1,false_positive,0.643637542411291,33,24,1,0,0,0,1,1,0,0,0,0,6,0.0,0.18181818181818182,0.0,4.020926316000353,0
https://www.texastribune.org/,0,1,false_positive,0.6386665771710874,29,20,1,0,0,0,1,1,0,0,0,0,6,0.0,0.20689655172413793,0.0,3.9783335811852645,0
https://www.floridacitrus.org/,0,1,false_positive,0.6402723747364852,30,21,1,0,0,0,1,1,0,0,0,0,6,0.0,0.2,0.0,4.0062389286533895,0
https://www.airliquide.com/de/germany,0,1,false_positive,0.687875463026143,37,18,11,0,2,0,1,1,0,0,0,0,7,0.0,0.1891891891891892,0.0,4.283381405994076,0
https://www.lyondellbasell.com/en/ferrara-site/,0,1,false_positive,0.6168967433993925,47,22,17,0,2,0,1,1,0,0,0,0,9,0.0,0.19148936170212766,0.0,4.180049299887685,0
https://www.nowoodennickels.org/,0,1,false_positive,0.5979972732758229,32,23,1,0,0,0,1,1,0,0,0,0,6,0.0,0.1875,0.0,3.952819531114783,0
https://www.liquidmetal.com/,0,1,false_positive,0.6349561183590634,28,19,1,0,0,0,1,1,0,0,0,0,6,0.0,0.21428571428571427,0.0,4.012188403968661,0
https://www.adarepharmasolutions.com/,0,1,false_positive,0.7915536737480832,37,28,1,0,0,0,1,1,0,0,0,0,6,0.0,0.16216216216216217,0.0,4.080414513985239,0
https://www.dairylandpower.com/,0,1,false_positive,0.7789452604165978,31,22,1,0,0,0,1,1,0,0,0,0,6,0.0,0.1935483870967742,0.0,4.091135423220312,0
https://www.dalarnasciencepark.se/en/,0,1,false_positive,0.5449886753054615,37,25,4,0,1,0,1,1,0,0,0,0,7,0.0,0.1891891891891892,0.0,3.905003027615696,0
https://associationmitsinjo.wordpress.com/,0,1,false_positive,0.7339177667941389,42,33,1,0,0,0,1,1,0,0,0,0,6,0.0,0.14285714285714285,0.0,3.9191197327566836,0
https://www.peacehealth.org/st-john-medical-center,0,1,false_positive,0.5418732756859128,50,19,23,0,1,0,1,1,0,0,0,0,9,0.0,0.18,0.0,4.185979129983102,0
https://www.raytheon.com/ourcompany/global/europe/germany,0,1,false_positive,0.6255820906136101,57,16,33,0,4,0,1,1,0,0,0,0,9,0.0,0.15789473684210525,0.0,4.156593961153606,0
https://www.grassvalley.com/,0,1,false_positive,0.6349561183590634,28,19,1,0,0,0,1,1,0,0,0,0,6,0.0,0.21428571428571427,0.0,4.012188403968661,0
https://www.extendicare.com/,0,1,false_positive,0.6063029410126413,28,19,1,0,0,0,1,1,0,0,0,0,6,0.0,0.21428571428571427,0.0,3.9852281360342516,0
https://www.nisshin-oillio.com/,0,1,false_positive,0.5242024337611161,31,22,1,0,0,0,1,1,0,0,0,0,7,0.0,0.22580645161290322,0.0,3.760017277849653,0
https://philosophieparisdescartes.wordpress.com/,0,1,false_positive,0.7731721160871997,48,39,1,0,0,0,1,1,0,0,0,0,6,0.0,0.125,0.0,3.8707817728566996,0
https://yesmoibo.weebly.com/,1,0,false_negative,0.35703333800865017,28,19,1,0,0,0,1,1,0,0,0,0,6,0.0,0.21428571428571427,0.0,3.8693312611115185,0
https://demmerd.weebly.com/,1,0,false_negative,0.37020517954114723,27,18,1,0,0,0,1,1,0,0,0,0,6,0.0,0.2222222222222222,0.0,3.884155094595805,0
https://www.martini-klinik.de/fuer-patienten/,0,1,false_positive,0.6705653087423634,45,21,16,0,1,0,1,1,0,0,0,0,9,0.0,0.2,0.0,4.070204908528851,0
https://gynesonics.com/us/,0,1,false_positive,0.6316285367378164,26,14,4,0,1,0,0,1,0,0,0,0,6,0.0,0.23076923076923078,0.0,3.7773627950641684,0
https://yhhrhh.pages.dev/,1,0,false_negative,0.16843352912149673,25,16,1,0,0,0,1,1,0,0,0,0,6,0.0,0.24,0.0,3.589275070710712,0
https://leibniz-irs.de/en/,0,1,false_positive,0.5311887521637977,26,14,4,0,1,0,0,1,0,0,0,0,7,0.0,0.2692307692307692,0.0,3.7962176025900556,0
https://cdpr-research.org/,0,1,false_positive,0.6445700850918421,26,17,1,0,0,0,0,1,0,0,0,0,6,0.0,0.23076923076923078,0.0,3.7483286603655737,0
https://www.fluxus-engineering.com/,0,1,false_positive,0.8631752913047427,35,26,1,0,0,0,1,1,0,0,0,0,7,0.0,0.2,0.0,4.243010159554855,0
https://energy.gov/lm/office-legacy-management,0,1,false_positive,0.5070942386256817,46,10,28,0,2,0,0,1,0,0,0,0,8,0.0,0.17391304347826086,0.0,4.164228803600908,0
https://www.daisyfoundation.org/,0,1,false_positive,0.6298183786384862,32,23,1,0,0,0,1,1,0,0,0,0,6,0.0,0.1875,0.0,4.030639062229566,0
https://www.southernutemuseum.org/,0,1,false_positive,0.5072000902510334,34,25,1,0,0,0,1,1,0,0,0,0,6,0.0,0.17647058823529413,0.0,3.763358429231108,0
https://www.uni-bamberg.de/,0,1,false_positive,0.6828685965249839,27,18,1,0,0,0,1,1,0,0,0,0,7,0.0,0.25925925925925924,0.0,4.106377316818028,0
https://www.giga-hamburg.de/en,0,1,false_positive,0.6800766620677288,30,19,3,0,1,0,1,1,0,0,0,0,7,0.0,0.23333333333333334,0.0,4.0980685120588385,0
https://www.carmelunified.org/,0,1,false_positive,0.8342264971486267,30,21,1,0,0,0,1,1,0,0,0,0,6,0.0,0.2,0.0,4.256564762130954,0
https://medicalengineering.org.uk/,0,1,false_positive,0.6856596198941709,34,25,1,0,0,0,0,1,0,0,0,0,6,0.0,0.17647058823529413,0.0,4.1162996057016965,0
https://www.ucsfbenioffchildrens.org/,0,1,false_positive,0.8570910978126727,37,28,1,0,0,0,1,1,0,0,0,0,6,0.0,0.16216216216216217,0.0,4.208924987016684,0
https://strobe.univ-grenoble-alpes.fr,0,1,false_positive,0.6626557340455252,37,29,0,0,0,0,1,1,0,0,0,0,7,0.0,0.1891891891891892,0.0,4.175273297885967,0
https://tv2019.cafe24.com,0,1,false_positive,0.8195627992616563,25,17,0,0,0,0,1,1,0,0,0,6,5,0.24,0.2,0.35294117647058826,4.133660689688185,0
https://tepaits.mx/home,0,1,false_positive,0.6656718108097834,23,10,5,0,1,0,0,1,0,0,0,0,5,0.0,0.21739130434782608,0.0,3.534219021180341,0
https://www.zenobiatherapeutics.com/,0,1,false_positive,0.807147864922605,36,27,1,0,0,0,1,1,0,0,0,0,6,0.0,0.16666666666666666,0.0,4.107017709595356,0
https://www.ils-forschung.de/,0,1,false_positive,0.7490952191684825,29,20,1,0,0,0,1,1,0,0,0,0,7,0.0,0.2413793103448276,0.0,4.159199529386524,0
https://www.mediahealthtechnologies.com/,0,1,false_positive,0.7729435962400619,40,31,1,0,0,0,1,1,0,0,0,0,6,0.0,0.15,0.0,4.015311532225102,0
https://www.childrenshospitals.org/,0,1,false_positive,0.6794717855416286,35,26,1,0,0,0,1,1,0,0,0,0,6,0.0,0.17142857142857143,0.0,4.014438730983426,0
http://rollsroyce.temp.domains/~anayansiprestamo/Kawa.html,1,0,false_negative,0.040397948772786935,58,23,28,0,2,0,1,0,0,0,0,0,9,0.0,0.15517241379310345,0.0,4.17193875475135,0
https://www.magicvalleyartscouncil.info/,0,1,false_positive,0.880114977006895,40,31,1,0,0,0,1,1,0,0,0,0,6,0.0,0.15,0.0,4.289822782008755,0
https://www.colgatepalmolive.co.in/?gclid=EAIaIQobChMI1OCvlr7D2wIVRIaPCh0piwhdEAAYASAAEgJr-vD_BwE,0,1,false_positive,0.9252140672924893,97,26,1,61,0,1,1,1,0,0,1,4,11,0.041237113402061855,0.1134020618556701,0.0,5.153748605333158,0
https://www.mainefarmlandtrust.org/,0,1,false_positive,0.8090671976748456,35,26,1,0,0,0,1,1,0,0,0,0,6,0.0,0.17142857142857143,0.0,4.128724445269141,0
http://lechat-prestation.fr/friagricl,1,0,false_negative,0.15690222224376413,37,20,10,0,1,0,0,0,0,0,0,0,6,0.0,0.16216216216216217,0.0,3.969607339117404,0
https://www.klinikum-altenburgerland.de/,0,1,false_positive,0.9088955126326662,40,31,1,0,0,0,1,1,0,0,0,0,7,0.0,0.175,0.0,4.258694969562842,0
https://francebed-hd.co.jp/en/,0,1,false_positive,0.533694843621424,30,18,4,0,1,0,0,1,0,0,0,0,8,0.0,0.26666666666666666,0.0,4.015061012203069,0
https://inverness-research.org/,0,1,false_positive,0.8239530754418608,31,22,1,0,0,0,0,1,0,0,0,0,6,0.0,0.1935483870967742,0.0,3.8330709070912787,0
https://lumenradio.com/,0,1,false_positive,0.5683088664590104,23,14,1,0,0,0,0,1,0,0,0,0,5,0.0,0.21739130434782608,0.0,4.0559581516151235,0
https://www.skyre-inc.com/,0,1,false_positive,0.502434034151883,26,17,1,0,0,0,1,1,0,0,0,0,7,0.0,0.2692307692307692,0.0,4.026986833359286,0
https://www.opendoormedical.org/,0,1,false_positive,0.7794723055325571,32,23,1,0,0,0,1,1,0,0,0,0,6,0.0,0.1875,0.0,4.077819531114783,0
https://www.dhhsalliance.org/,0,1,false_positive,0.6542470615343617,29,20,1,0,0,0,1,1,0,0,0,0,6,0.0,0.20689655172413793,0.0,4.021268494903765,0
https://acitybet.com.pe/otp/,1,0,false_negative,0.2699052598586846,28,15,5,0,1,0,0,1,0,0,0,0,7,0.0,0.25,0.0,3.651478922893309,0
https://www.bluetherapeutics.com/,0,1,false_positive,0.643637542411291,33,24,1,0,0,0,1,1,0,0,0,0,6,0.0,0.18181818181818182,0.0,4.0060710131011685,0
https://cure.org/uganda/,0,1,false_positive,0.580963066079609,24,8,8,0,1,0,0,1,0,0,0,0,6,0.0,0.25,0.0,3.8349625007211565,0
https://www.fullservice-ravenna.it/wp-content/themes/oceanwp/hype-request/index.html,1,0,false_negative,0.2773550128690397,84,26,50,0,5,0,1,1,0,0,0,0,14,0.0,0.16666666666666666,0.0,4.319592895953504,0
https://www.relaxbogen.de/,0,1,false_positive,0.5977872496056502,26,17,1,0,0,0,1,1,0,0,0,0,6,0.0,0.23076923076923078,0.0,3.997952698660691,0
https://cerdap2.univ-grenoble-alpes.fr,0,1,false_positive,0.9284098850899454,38,30,0,0,0,0,1,1,0,0,0,1,7,0.02631578947368421,0.18421052631578946,0.03333333333333333,4.366091329119192,0
https://www6.ara.inra.fr/epidemiologie_animale,0,1,false_positive,0.5729469703689465,46,16,22,0,1,0,2,1,0,0,0,1,8,0.021739130434782608,0.17391304347826086,0.0625,4.170543891762938,0
https://clientemodu.com/,1,0,false_negative,0.24730533538971833,24,15,1,0,0,0,0,1,0,0,0,0,5,0.0,0.20833333333333334,0.0,3.855388542207534,0
https://www.designbyccd.com/,0,1,false_positive,0.6349561183590634,28,19,1,0,0,0,1,1,0,0,0,0,6,0.0,0.21428571428571427,0.0,4.012188403968661,0
https://hhsse.weebly.com/,1,0,false_negative,0.16270520494597612,25,16,1,0,0,0,1,1,0,0,0,0,6,0.0,0.24,0.0,3.7230741894285684,0
https://www.carbograf.pl/main,0,1,false_positive,0.6231561617738266,29,16,5,0,1,0,1,1,0,0,0,0,6,0.0,0.20689655172413793,0.0,4.090234012145144,0
https://www6.nouvelle-aquitaine-poitiers.inrae.fr/urp3f,0,1,false_positive,0.8406480615085805,55,41,6,0,1,0,2,1,0,0,0,2,9,0.03636363636363636,0.16363636363636364,0.024390243902439025,4.2812961959970615,0
https://www.catalystneuro.com/,0,1,false_positive,0.6366100259824843,30,21,1,0,0,0,1,1,0,0,0,0,6,0.0,0.2,0.0,3.9898980954642873,0
https://www.erebunimed.com/,0,1,false_positive,0.6199277013410263,27,18,1,0,0,0,1,1,0,0,0,0,6,0.0,0.2222222222222222,0.0,4.004344446367528,0
http://surl.li/kmzltu,1,0,false_negative,0.3460688241670151,21,7,7,0,1,0,0,0,0,0,0,0,5,0.0,0.23809523809523808,0.0,3.6178096843744543,0
https://www.immervisionenables.com/,0,1,false_positive,0.7932305206933311,35,26,1,0,0,0,1,1,0,0,0,0,6,0.0,0.17142857142857143,0.0,4.085588016574085,0
https://app.programa-ponto.digital,1,0,false_negative,0.39571100413381705,34,26,0,0,0,0,1,1,0,0,0,0,6,0.0,0.17647058823529413,0.0,3.841447312526802,0
https://ieeeeoreg.weebly.com/,1,0,false_negative,0.41477696036469747,29,20,1,0,0,0,1,1,0,0,0,0,6,0.0,0.20689655172413793,0.0,3.809485410418376,0
https://www.rmgconsulting.org/,0,1,false_positive,0.544374487356172,30,21,1,0,0,0,1,1,0,0,0,0,6,0.0,0.2,0.0,3.9395722619867226,0
https://capture-resources.be/,0,1,false_positive,0.6663626689822252,29,20,1,0,0,0,0,1,0,0,0,0,6,0.0,0.20689655172413793,0.0,3.71937582241537,0
http://suite-trezorapp.netlify.app,1,0,false_negative,0.4131370256813659,34,27,0,0,0,0,1,0,0,0,0,0,6,0.0,0.17647058823529413,0.0,3.9705755338668953,0
https://www.abainternational.org/,0,1,false_positive,0.5518412201996189,33,24,1,0,0,0,1,1,0,0,0,0,6,0.0,0.18181818181818182,0.0,3.8848588918890474,0
https://www.migrationandasylumproject.org/,0,1,false_positive,0.9038120611835916,42,33,1,0,0,0,1,1,0,0,0,0,6,0.0,0.14285714285714285,0.0,4.3024498629973955,0
https://chavedeseguranca.liberar-app.click,1,0,false_negative,0.4898328345418911,42,34,0,0,0,0,1,1,0,0,0,0,6,0.0,0.14285714285714285,0.0,4.175188482808195,0
https://www.businessinspiredgrowth.com/,0,1,false_positive,0.7970956856800768,39,30,1,0,0,0,1,1,0,0,0,0,6,0.0,0.15384615384615385,0.0,4.057855988582063,0
https://insermu1096.fr/,0,1,false_positive,0.5430594358471451,23,14,1,0,0,0,0,1,0,0,0,4,5,0.17391304347826086,0.21739130434782608,0.2857142857142857,4.0559581516151235,0
https://www.stereologyresourcecenter.com/,0,1,false_positive,0.7309047980345708,41,32,1,0,0,0,1,1,0,0,0,0,6,0.0,0.14634146341463414,0.0,3.8812270043014787,0
https://meta-drift.pages.dev/,1,0,false_negative,0.4524381456826307,29,20,1,0,0,0,1,1,0,0,0,0,7,0.0,0.2413793103448276,0.0,3.909368063943885,0
https://smbc-cardgold.com,1,0,false_negative,0.16481445312257328,25,17,0,0,0,0,0,1,0,0,0,0,5,0.0,0.2,0.0,3.973660689688185,0
https://www.idea-frankfurt.eu/,0,1,false_positive,0.6388892902553722,30,21,1,0,0,0,1,1,0,0,0,0,7,0.0,0.23333333333333334,0.0,4.031401845392171,0
https://www.kla-tencor.com/,0,1,false_positive,0.5258499472196153,27,18,1,0,0,0,1,1,0,0,0,0,7,0.0,0.25925925925925924,0.0,4.004344446367528,0
https://www.bestcare.org/methodist-hospital/,0,1,false_positive,0.5966310262826784,44,16,20,0,1,0,1,1,0,0,0,0,8,0.0,0.18181818181818182,0.0,4.083765141069551,0
https://glamarchives.gov.uk/,0,1,false_positive,0.601826234929167,28,19,1,0,0,0,0,1,0,0,0,0,6,0.0,0.21428571428571427,0.0,4.137537511266052,0
http://dbsq.pages.dev,1,0,false_negative,0.006705524848375206,21,14,0,0,0,0,1,0,0,0,0,0,5,0.0,0.23809523809523808,0.0,3.7256507561120933,0
https://inomco-com.stackstaging.com/,0,1,false_positive,0.7872001392111874,36,27,1,0,0,0,1,1,0,0,0,0,7,0.0,0.19444444444444445,0.0,3.8292399318175785,0
https://ydsfhdhd.weebly.com/,1,0,false_negative,0.4964637373067225,28,19,1,0,0,0,1,1,0,0,0,0,6,0.0,0.21428571428571427,0.0,3.9407598325400897,0
https://www.pathofinder.com/,0,1,false_positive,0.6349561183590634,28,19,1,0,0,0,1,1,0,0,0,0,6,0.0,0.21428571428571427,0.0,4.01218840396866,0
https://www.shieldsforfamilies.org/,0,1,false_positive,0.6887111553123223,35,26,1,0,0,0,1,1,0,0,0,0,6,0.0,0.17142857142857143,0.0,4.0360069453309535,0
https://www.denverindiancenter.org/,0,1,false_positive,0.6663355921256465,35,26,1,0,0,0,1,1,0,0,0,0,6,0.0,0.17142857142857143,0.0,3.957295873840569,0
https://www.bundeswehr.de/de/organisation/sanitaetsdienst,0,1,false_positive,0.6655348160040311,57,17,32,0,3,0,1,1,0,0,0,0,8,0.0,0.14035087719298245,0.0,3.9074758744830844,0
https://www.citizensuk.org/,0,1,false_positive,0.6199277013410263,27,18,1,0,0,0,1,1,0,0,0,0,6,0.0,0.2222222222222222,0.0,4.004344446367528,0
https://honchar.org.ua/english/,0,1,false_positive,0.6611636503935613,31,14,9,0,1,0,0,1,0,0,0,0,7,0.0,0.22580645161290322,0.0,3.9219382458707455,0
https://medicine.wustl.edu/about/medical-center/,0,1,false_positive,0.5368352786963492,48,18,22,0,2,0,1,1,0,0,0,0,9,0.0,0.1875,0.0,4.1318665431825226,0
https://fhu-neurovasc.com/,0,1,false_positive,0.801112627507365,26,17,1,0,0,0,0,1,0,0,0,0,6,0.0,0.23076923076923078,0.0,4.056020968057881,0
https://www.uclahealth.org/cancer,0,1,false_positive,0.5859209674603448,33,18,7,0,1,0,1,1,0,0,0,0,6,0.0,0.18181818181818182,0.0,3.9374448765408534,0
https://www.sportspartner.pt/a/,1,0,false_negative,0.32402536924644937,31,20,3,0,1,0,1,1,0,0,0,0,7,0.0,0.22580645161290322,0.0,3.474380085195674,0
https://mmwmail.weebly.com/,1,0,false_negative,0.37860346569217024,27,18,1,0,0,0,1,1,0,0,0,0,6,0.0,0.2222222222222222,0.0,3.91211389097223,0
https://mytellsplus.weebly.com/,1,0,false_negative,0.4339951196604541,31,22,1,0,0,0,1,1,0,0,0,0,6,0.0,0.1935483870967742,0.0,3.824533406881911,0
https://www.bioliteenergy.com/,0,1,false_positive,0.779641695822663,30,21,1,0,0,0,1,1,0,0,0,0,6,0.0,0.2,0.0,4.072905595320056,0
https://www.reshapelifesciences.com/,0,1,false_positive,0.6729359484555821,36,27,1,0,0,0,1,1,0,0,0,0,6,0.0,0.16666666666666666,0.0,3.951194363083222,0
http://www.1888study411.com/,0,1,false_positive,0.7667759606592446,28,20,1,0,0,0,1,0,0,0,0,7,6,0.25,0.21428571428571427,0.35,3.8868392966712704,0
https://app.biaempresas.click,1,0,false_negative,0.24679220772154203,29,21,0,0,0,0,1,1,0,0,0,0,5,0.0,0.1724137931034483,0.0,3.8404025467025056,0
https://ny.pqpayshz.cc/us/,1,0,false_negative,0.273388393698906,26,14,4,0,1,0,1,1,0,0,0,0,7,0.0,0.2692307692307692,0.0,3.642371448743902,0
https://baycare.org/mph,0,1,false_positive,0.6396342560399648,23,11,4,0,1,0,0,1,0,0,0,0,5,0.0,0.21739130434782608,0.0,3.882045108136863,0
https://www.worldscientific.com/,0,1,false_positive,0.6034778146706276,32,23,1,0,0,0,1,1,0,0,0,0,6,0.0,0.1875,0.0,3.9681390622295662,0
https://mowi.com/caw,0,1,false_positive,0.5657895885599317,20,8,4,0,1,0,0,1,0,0,0,0,5,0.0,0.25,0.0,3.5841837197791886,0
https://www.sedck12.org/,0,1,false_positive,0.693356739672742,24,15,1,0,0,0,1,1,0,0,0,2,6,0.08333333333333333,0.25,0.13333333333333333,3.938721875540868,0
https://www.arcticus-systems.com/,0,1,false_positive,0.7614902370059344,33,24,1,0,0,0,1,1,0,0,0,0,7,0.0,0.21212121212121213,0.0,3.8966879684212654,0
https://forsvaret.no/en,0,1,false_positive,0.660015573035587,23,12,3,0,1,0,0,1,0,0,0,0,5,0.0,0.21739130434782608,0.0,3.6753108689123644,0
https://www.geoplayground.com/,0,1,false_positive,0.8237331789499585,30,21,1,0,0,0,1,1,0,0,0,0,6,0.0,0.2,0.0,4.164735178725505,0
https://teamuniversity.ac.ug/,0,1,false_positive,0.5295847796346771,29,20,1,0,0,0,0,1,0,0,0,0,6,0.0,0.20689655172413793,0.0,4.004364184708143,0
https://ny.pqpayshr.cc/us/,1,0,false_negative,0.273388393698906,26,14,4,0,1,0,1,1,0,0,0,0,7,0.0,0.2692307692307692,0.0,3.642371448743902,0
https://ckw.ayv.mybluehost.me/en/,1,0,false_negative,0.30422002545969806,33,21,4,0,1,0,2,1,0,0,0,0,8,0.0,0.24242424242424243,0.0,4.12728313431329,0
https://fias.uni-frankfurt.de/,0,1,false_positive,0.6189165342726936,30,21,1,0,0,0,1,1,0,0,0,0,7,0.0,0.23333333333333334,0.0,3.9647351787255047,0
https://supportnetflx.com/,1,0,false_negative,0.2257008312899326,26,17,1,0,0,0,0,1,0,0,0,0,5,0.0,0.19230769230769232,0.0,3.873140679513132,0
https://www.berryglobal.com/,0,1,false_positive,0.6707110314738384,28,19,1,0,0,0,1,1,0,0,0,0,6,0.0,0.21428571428571427,0.0,4.039148671903071,0
https://www.nychealthandhospitals.org/locations/jacobi/,0,1,false_positive,0.7197062902964625,55,29,18,0,2,0,1,1,0,0,0,0,8,0.0,0.14545454545454545,0.0,4.141123360641667,0
https://pokeapi.co/,1,0,false_negative,0.1111889410219176,19,10,1,0,0,0,0,1,0,0,0,0,5,0.0,0.2631578947368421,0.0,3.5368867237421666,0
https://www.bordeaux.com/fr,0,1,false_positive,0.6647506512007629,27,16,3,0,1,0,1,1,0,0,0,0,6,0.0,0.2222222222222222,0.0,4.106377316818028,0
https://www.utpjournals.press/loi/cbmh,0,1,false_positive,0.6850081827375277,38,21,9,0,2,0,1,1,0,0,0,0,7,0.0,0.18421052631578946,0.0,4.135699552746469,0
https://www.wikimedia.nl/pagina/english,0,1,false_positive,0.5809975023278594,39,16,15,0,2,0,1,1,0,0,0,0,7,0.0,0.1794871794871795,0.0,3.923365924534973,0
https://www.fondazionemazzali.it/,0,1,false_positive,0.6410547342580978,33,24,1,0,0,0,1,1,0,0,0,0,6,0.0,0.18181818181818182,0.0,3.998050937146914,0
https://www.fv-elektrotechnik.de/startseite,0,1,false_positive,0.8098718243561196,43,24,11,0,1,0,1,1,0,0,0,0,7,0.0,0.16279069767441862,0.0,4.04426656946441,0
https://ibk-kultur.de/,0,1,false_positive,0.6427569814282015,22,13,1,0,0,0,0,1,0,0,0,0,6,0.0,0.2727272727272727,0.0,3.8453509366224354,0
https://www.newunivera.com/en-us/?register_sponsorid=,0,1,false_positive,0.6295729015265836,53,18,7,19,1,1,1,1,0,0,1,0,11,0.0,0.20754716981132076,0.0,4.303695106348782,0
http://6wid.tracksystemio.cc:80/?pid=3&sub1=1,1,0,false_negative,0.2586048557974612,45,21,1,12,0,2,1,0,0,1,1,6,11,0.13333333333333333,0.24444444444444444,0.047619047619047616,4.624751985026255,0
https://www.wellstatbiologics.com/,0,1,false_positive,0.5450280379222532,34,25,1,0,0,0,1,1,0,0,0,0,6,0.0,0.17647058823529413,0.0,3.8810054880546376,0
https://www.enzolifesciences.com/,0,1,false_positive,0.5690571567088071,33,24,1,0,0,0,1,1,0,0,0,0,6,0.0,0.18181818181818182,0.0,3.92258957364167,0
https://www.colfuturo.org/english,0,1,false_positive,0.6220908389888944,33,17,8,0,1,0,1,1,0,0,0,0,6,0.0,0.18181818181818182,0.0,4.043801694853792,0
https://www.fondation-fondamental.org/,0,1,false_positive,0.8914805954795767,38,29,1,0,0,0,1,1,0,0,0,0,7,0.0,0.18421052631578946,0.0,4.083067973799101,0
https://www.allegiancehealth.org/,0,1,false_positive,0.5690571567088071,33,24,1,0,0,0,1,1,0,0,0,0,6,0.0,0.18181818181818182,0.0,3.914569497687415,0
https://biu-cujas.univ-paris1.fr,0,1,false_positive,0.9391294898601659,32,24,0,0,0,0,1,1,0,0,0,1,7,0.03125,0.21875,0.041666666666666664,4.116729296672174,0
https://www.transportation.gov/policy/OST-R,0,1,false_positive,0.6825807782152221,43,22,13,0,2,0,1,1,0,0,0,0,8,0.0,0.18604651162790697,0.0,4.283952766823871,0
https://www.clinicaltrialsnz.com/,0,1,false_positive,0.6037357216000475,33,24,1,0,0,0,1,1,0,0,0,0,6,0.0,0.18181818181818182,0.0,3.937444876540854,0
https://www.nti.org/learn/facilities/711/,0,1,false_positive,0.6897367393258435,41,11,22,0,3,0,1,1,0,0,0,3,9,0.07317073170731707,0.21951219512195122,0.0,4.082804138606123,0
https://ironcountyhistoricalmuseum.org/,0,1,false_positive,0.5291813396650836,39,30,1,0,0,0,0,1,0,0,0,0,5,0.0,0.1282051282051282,0.0,4.060416641661804,0
https://www.universityofafrica.net/,0,1,false_positive,0.7951506094147415,35,26,1,0,0,0,1,1,0,0,0,0,6,0.0,0.17142857142857143,0.0,4.093149802473811,0
https://www.polyfurfurylalcohol.com/,0,1,false_positive,0.6760807609245394,36,27,1,0,0,0,1,1,0,0,0,0,6,0.0,0.16666666666666666,0.0,3.9613201402110083,0
https://duccodedao.github.io/twas/,1,0,false_negative,0.46736367893439046,34,20,6,0,1,0,1,1,0,0,0,0,7,0.0,0.20588235294117646,0.0,3.925410635240724,0
https://www.minervabio.com/,0,1,false_positive,0.6627657473659881,27,18,1,0,0,0,1,1,0,0,0,0,6,0.0,0.2222222222222222,0.0,4.032303242743954,0
https://www.materielmedical.fr/,0,1,false_positive,0.5703277737342983,31,22,1,0,0,0,1,1,0,0,0,0,6,0.0,0.1935483870967742,0.0,3.953565664946427,0
https://www.rms-foundation.ch/,0,1,false_positive,0.714678008805568,30,21,1,0,0,0,1,1,0,0,0,0,7,0.0,0.23333333333333334,0.0,4.0980685120588385,0
https://stotteudvide.com/,1,0,false_negative,0.15424606027320167,25,16,1,0,0,0,0,1,0,0,0,0,5,0.0,0.2,0.0,3.6692750707107122,0
https://www.ortmedicinska.com/,0,1,false_positive,0.650678420920693,30,21,1,0,0,0,1,1,0,0,0,0,6,0.0,0.2,0.0,4.031401845392171,0
https://www.bushfoundation.org/,0,1,false_positive,0.6338388533190669,31,22,1,0,0,0,1,1,0,0,0,0,6,0.0,0.1935483870967742,0.0,4.018081793978685,0
https://www.doublearc.org/,0,1,false_positive,0.6387911240967068,26,17,1,0,0,0,1,1,0,0,0,0,6,0.0,0.23076923076923078,0.0,4.026986833359286,0
https://www.southingtonschools.org/,0,1,false_positive,0.527273558615195,35,26,1,0,0,0,1,1,0,0,0,0,6,0.0,0.17142857142857143,0.0,3.761445788918474,0
https://www.gazprom-germania.de/en/,0,1,false_positive,0.5413642119767336,35,23,4,0,1,0,1,1,0,0,0,0,8,0.0,0.22857142857142856,0.0,4.093149802473811,0
https://www.centralvendasclaro.com.br/,1,0,false_negative,0.12884803596342798,38,29,1,0,0,0,1,1,0,0,0,0,7,0.0,0.18421052631578946,0.0,4.1088692893608405,0
https://www.schulzefamilyfoundation.org/,0,1,false_positive,0.8821976021002229,40,31,1,0,0,0,1,1,0,0,0,0,6,0.0,0.15,0.0,4.396439344671015,0
https://www.universidaddelalica.edu.mx/home.html,0,1,false_positive,0.523776010477396,48,30,10,0,1,0,1,1,0,0,0,0,8,0.0,0.16666666666666666,0.0,4.209147917027245,0
https://afghan-institute.org/,0,1,false_positive,0.7718190468851002,29,20,1,0,0,0,0,1,0,0,0,0,6,0.0,0.20689655172413793,0.0,3.8798938235206664,0
https://instituciones.sld.cu/pando,0,1,false_positive,0.5540497483796417,34,20,6,0,1,0,1,1,0,0,0,0,6,0.0,0.17647058823529413,0.0,3.844384532235916,0
https://www.artinstitutes.edu/silicon-valley,0,1,false_positive,0.7681327322473329,44,21,15,0,1,0,1,1,0,0,0,0,7,0.0,0.1590909090909091,0.0,4.129219686524097,0
https://www.sunnybiodiscovery.com/,0,1,false_positive,0.830461661037863,34,25,1,0,0,0,1,1,0,0,0,0,6,0.0,0.17647058823529413,0.0,4.175123135113461,0
https://www.imerys.com/worldwide-presence,0,1,false_positive,0.5883983808199867,41,14,19,0,1,0,1,1,0,0,0,0,7,0.0,0.17073170731707318,0.0,4.053065578877497,0
https://www.irbbarcelona.org/en,0,1,false_positive,0.6221809601786138,31,20,3,0,1,0,1,1,0,0,0,0,6,0.0,0.1935483870967742,0.0,4.042433003725894,0
https://www.coatingsystemslaboratories.com/,0,1,false_positive,0.846976116307944,43,34,1,0,0,0,1,1,0,0,0,0,6,0.0,0.13953488372093023,0.0,4.0894288603913065,0
https://www.lacrosselibrary.org/,0,1,false_positive,0.6327197534593931,32,23,1,0,0,0,1,1,0,0,0,0,6,0.0,0.1875,0.0,3.9917292966721747,0
https://www.southerncoalition.org/,0,1,false_positive,0.6367354471115929,34,25,1,0,0,0,1,1,0,0,0,0,6,0.0,0.17647058823529413,0.0,3.9842341646524884,0
https://www.creativecarbonscotland.com/,0,1,false_positive,0.8318015564549627,39,30,1,0,0,0,1,1,0,0,0,0,6,0.0,0.15384615384615385,0.0,4.131054782742918,0
https://library.nashville.org/,0,1,false_positive,0.650678420920693,30,21,1,0,0,0,1,1,0,0,0,0,6,0.0,0.2,0.0,4.031401845392171,0
https://www.southcoast-health.com/,0,1,false_positive,0.758985966189785,34,25,1,0,0,0,1,1,0,0,0,0,7,0.0,0.20588235294117646,0.0,3.7748395917476723,0
https://www.parallelconsulting.com/us/,0,1,false_positive,0.7199653504291476,38,26,4,0,1,0,1,1,0,0,0,0,7,0.0,0.18421052631578946,0.0,4.083067973799101,0
https://uhaul2go.com,1,0,false_negative,0.06932490473916221,20,12,0,0,0,0,0,1,0,0,0,1,4,0.05,0.2,0.08333333333333333,3.821928094887362,0
http://emd.6f3.mytemp.website/il,1,0,false_negative,0.23722682611529614,32,22,3,0,1,0,2,0,0,0,0,2,7,0.0625,0.21875,0.09090909090909091,3.9292292966721747,0
https://www.givaudan.com/,0,1,false_positive,0.6155326078656327,25,16,1,0,0,0,1,1,0,0,0,0,6,0.0,0.24,0.0,4.023465189601646,0
https://www.designmedix.com/,0,1,false_positive,0.5509681794772672,28,19,1,0,0,0,1,1,0,0,0,0,6,0.0,0.21428571428571427,0.0,3.9677201004745,0
https://youthserviceprojectsite.wordpress.com/,0,1,false_positive,0.8390848066550118,46,37,1,0,0,0,1,1,0,0,0,0,6,0.0,0.13043478260869565,0.0,3.9780492619309076,0
https://www.jeffgordonchildrensfoundation.org/,0,1,false_positive,0.9246598601705718,46,37,1,0,0,0,1,1,0,0,0,0,6,0.0,0.13043478260869565,0.0,4.216193141113152,0
https://www.bvdinfo.com/en-gb,0,1,false_positive,0.7230023289276982,29,15,6,0,1,0,1,1,0,0,0,0,7,0.0,0.2413793103448276,0.0,4.1852301329094015,0
https://www.silence-therapeutics.com/,0,1,false_positive,0.8506563394843302,37,28,1,0,0,0,1,1,0,0,0,0,7,0.0,0.1891891891891892,0.0,4.046762824854521,0
https://www.rotkreuzklinikum-muenchen.de/,0,1,false_positive,0.9090943895517033,41,32,1,0,0,0,1,1,0,0,0,0,7,0.0,0.17073170731707318,0.0,4.222690418935625,0
https://bgbmel.weebly.com/,1,0,false_negative,0.2191472455279325,26,17,1,0,0,0,1,1,0,0,0,0,6,0.0,0.23076923076923078,0.0,3.8441065448145375,0
https://www.smibciosec.lavinai.com,1,0,false_negative,0.3322650465123397,34,26,0,0,0,0,2,1,0,0,0,0,6,0.0,0.17647058823529413,0.0,3.998652546878167,0
https://www.lamaddalenanet.it/?jjj=1515037458284,0,1,false_positive,0.841956572790458,48,21,1,17,0,1,1,1,0,0,1,13,8,0.2708333333333333,0.16666666666666666,0.0,4.5220552088742005,0
https://www.lansstyrelsen.se/halland.html,0,1,false_positive,0.5526907017328502,41,20,13,0,1,0,1,1,0,0,0,0,7,0.0,0.17073170731707318,0.0,3.7842960664713052,0
https://infoway-inforoute.ca/,0,1,false_positive,0.8197013351283623,29,20,1,0,0,0,0,1,0,0,0,0,6,0.0,0.20689655172413793,0.0,4.090234012145144,0
https://www.preventioninstitute.org/,0,1,false_positive,0.5614102237673704,36,27,1,0,0,0,1,1,0,0,0,0,6,0.0,0.16666666666666666,0.0,3.8009190982438597,0
https://www.maryvillecollege.edu/,0,1,false_positive,0.8255542722216093,33,24,1,0,0,0,1,1,0,0,0,0,6,0.0,0.18181818181818182,0.0,4.150158513166729,0
https://www.bio4dreams.com/en/,0,1,false_positive,0.626295054816593,30,18,4,0,1,0,1,1,0,0,0,1,7,0.03333333333333333,0.23333333333333334,0.05555555555555555,4.081727678869736,0
https://www.helixbiomedix.com/,0,1,false_positive,0.5915114969767088,30,21,1,0,0,0,1,1,0,0,0,0,6,0.0,0.2,0.0,3.9647351787255047,0
https://www.centre-hospitalier-bienne.ch,0,1,false_positive,0.7883314895919201,40,32,0,0,0,0,1,1,0,0,0,0,7,0.0,0.175,0.0,4.0061983328100945,0
http://joginreactivation23.hstn.me/,1,0,false_negative,0.3759612812866316,35,27,1,0,0,0,1,0,0,0,0,2,6,0.05714285714285714,0.17142857142857143,0.07407407407407407,4.104302931775616,0
https://www.entrepreneursfoundation.org/,0,1,false_positive,0.7541256557894122,40,31,1,0,0,0,1,1,0,0,0,0,6,0.0,0.15,0.0,3.965311532225101,0
https://www.pridefoundation.org/,0,1,false_positive,0.6298183786384862,32,23,1,0,0,0,1,1,0,0,0,0,6,0.0,0.1875,0.0,4.030639062229566,0
https://www.mercycollege.edu/,0,1,false_positive,0.6386665771710874,29,20,1,0,0,0,1,1,0,0,0,0,6,0.0,0.20689655172413793,0.0,3.9783335811852645,0
https://www.plannedparenthood.org/,0,1,false_positive,0.55134887021497,34,25,1,0,0,0,1,1,0,0,0,0,6,0.0,0.17647058823529413,0.0,3.895423870280316,0
https://btdsud.makeweb.co/,1,0,false_negative,0.4711001084961189,26,17,1,0,0,0,1,1,0,0,0,0,6,0.0,0.23076923076923078,0.0,3.9500637564362093,0
https://www.beaumont.org/services/childrens,0,1,false_positive,0.7005492057457678,43,16,19,0,2,0,1,1,0,0,0,0,7,0.0,0.16279069767441862,0.0,4.257319115016275,0
https://www.helios-gesundheit.de/kliniken/krefeld/,0,1,false_positive,0.5942272357439033,50,24,18,0,2,0,1,1,0,0,0,0,9,0.0,0.18,0.0,4.057851690851768,0
https://rightsandresources.org/en,0,1,false_positive,0.5917786316226636,33,22,3,0,1,0,0,1,0,0,0,0,5,0.0,0.15151515151515152,0.0,3.8848588918890474,0
https://www.minuchincenter.org/,0,1,false_positive,0.5703277737342983,31,22,1,0,0,0,1,1,0,0,0,0,6,0.0,0.1935483870967742,0.0,3.953565664946427,0
http://ssamzigil.com/memx/force_login,1,0,false_negative,0.4658291886747633,37,13,17,0,2,0,0,0,0,0,0,0,7,0.0,0.1891891891891892,0.0,4.195675662809304,1
https://universidad-une.com/,0,1,false_positive,0.8173455640498289,28,19,1,0,0,0,0,1,0,0,0,0,6,0.0,0.21428571428571427,0.0,4.137537511266051,0
https://ardmadurai.weebly.com/,0,1,false_positive,0.8324145264748749,30,21,1,0,0,0,1,1,0,0,0,0,6,0.0,0.2,0.0,4.1898980954642875,0
https://www.kimballinternational.com/,0,1,false_positive,0.7312265584943068,37,28,1,0,0,0,1,1,0,0,0,0,6,0.0,0.16216216216216217,0.0,4.060012149061902,0
https://www.inamed-cro.com/,0,1,false_positive,0.5734567393172767,27,18,1,0,0,0,1,1,0,0,0,0,7,0.0,0.25925925925925924,0.0,4.032303242743954,0
https://www.cloverbiopharma.com/,0,1,false_positive,0.7342397687282812,32,23,1,0,0,0,1,1,0,0,0,0,6,0.0,0.1875,0.0,4.054229296672174,0
https://www.helios-gesundheit.de/kliniken/siegburg/,0,1,false_positive,0.6103920441055387,51,24,19,0,2,0,1,1,0,0,0,0,9,0.0,0.17647058823529413,0.0,4.093925470128008,0
https://www.addextherapeutics.com/,0,1,false_positive,0.639318255264786,34,25,1,0,0,0,1,1,0,0,0,0,6,0.0,0.17647058823529413,0.0,4.02085512047121,0
https://vib.be/vib-vub-center-structural-biology,0,1,false_positive,0.6343938720127409,48,6,34,0,1,0,0,1,0,0,0,0,9,0.0,0.1875,0.0,4.1735332098491895,0
https://www.populationmatters.org/,0,1,false_positive,0.6208308301648973,34,25,1,0,0,0,1,1,0,0,0,0,6,0.0,0.17647058823529413,0.0,3.951310179982966,0
https://www.creative-capital.org/,0,1,false_positive,0.7467513976248155,33,24,1,0,0,0,1,1,0,0,0,0,7,0.0,0.21212121212121213,0.0,4.006071013101169,0
https://www.google.com/amp/s/cgncollege.com/ds,1,0,false_negative,0.36710056403600744,46,14,24,0,4,0,1,1,0,0,0,0,10,0.0,0.21739130434782608,0.0,3.8790241192799577,0
https://www.bundesregierung.de/Webs/Breg/EN/Homepage/_node.html,0,1,false_positive,0.5110946361840133,63,22,33,0,5,0,1,1,0,0,0,0,12,0.0,0.19047619047619047,0.0,4.36672401901534,0
https://www.acceleratedcure.org/,0,1,false_positive,0.5210008299071903,32,23,1,0,0,0,1,1,0,0,0,0,6,0.0,0.1875,0.0,3.882048827786958,0
https://www.massdevelopment.com/,0,1,false_positive,0.5376472564533774,32,23,1,0,0,0,1,1,0,0,0,0,6,0.0,0.1875,0.0,3.9209585933443494,0
https://resgatepersonalizadodepontos.com,1,0,false_negative,0.40476650666242703,40,32,0,0,0,0,0,1,0,0,0,0,4,0.0,0.1,0.0,3.993942707918268,0
https://www.childrensdmc.org/,0,1,false_positive,0.668018230493357,29,20,1,0,0,0,1,1,0,0,0,0,6,0.0,0.20689655172413793,0.0,4.0472990984266435,0
https://app.programa-pontos.digital,1,0,false_negative,0.4364066770259848,35,27,0,0,0,0,1,1,0,0,0,0,6,0.0,0.17142857142857143,0.0,3.861725074756386,0
https://vitalitec-international.com/,0,1,false_positive,0.7881183084182284,36,27,1,0,0,0,0,1,0,0,0,0,6,0.0,0.16666666666666666,0.0,3.898412848364052,0
https://www.barmherzige-brueder.at/site/linz/home,0,1,false_positive,0.6887542036619516,49,26,15,0,3,0,1,1,0,0,0,0,9,0.0,0.1836734693877551,0.0,4.198708252579409,0
https://btinternet.makeweb.co/,1,0,false_negative,0.4822808729433031,30,21,1,0,0,0,1,1,0,0,0,0,6,0.0,0.2,0.0,3.8947396630551765,0
https://www.spectrum-dynamics.com/,0,1,false_positive,0.8122014606741486,34,25,1,0,0,0,1,1,0,0,0,0,7,0.0,0.20588235294117646,0.0,4.130717987927374,0
https://www.elnelien.com/services.php,1,0,false_negative,0.3192018396837259,37,16,13,0,1,0,1,1,0,0,0,0,7,0.0,0.1891891891891892,0.0,3.92880260927073,0
https://www.provincieantwerpen.be/,0,1,false_positive,0.5450280379222532,34,25,1,0,0,0,1,1,0,0,0,0,6,0.0,0.17647058823529413,0.0,3.881005488054637,0
https://www.stvincent.org/sitecore/content/ININD/Home/Locations/Hospitals/Carmel/About%20Us,0,1,false_positive,0.6200911182941018,91,17,66,0,8,0,1,1,0,0,0,2,14,0.02197802197802198,0.15384615384615385,0.0,4.513573493633813,0
https://www.marienkrankenhaus.org/,0,1,false_positive,0.6405735594309436,34,25,1,0,0,0,1,1,0,0,0,0,6,0.0,0.17647058823529413,0.0,4.035273502696889,0
https://www.lakemichigancollege.edu/,0,1,false_positive,0.8478631310416344,36,27,1,0,0,0,1,1,0,0,0,0,6,0.0,0.16666666666666666,0.0,4.162573265150912,0
https://synthosgroup.com/en/home/,0,1,false_positive,0.8307640240919505,33,16,9,0,2,0,0,1,0,0,0,0,7,0.0,0.21212121212121213,0.0,3.775475847209144,0
https://www.klamathcc.edu/Home,0,1,false_positive,0.585158634502204,30,17,5,0,1,0,1,1,0,0,0,0,6,0.0,0.2,0.0,4.031401845392171,0
https://www.newellbrands.com/,0,1,false_positive,0.650291101095207,29,20,1,0,0,0,1,1,0,0,0,0,6,0.0,0.20689655172413793,0.0,4.004364184708143,0
https://www.ethicalconsumer.org/,0,1,false_positive,0.7954925021150889,32,23,1,0,0,0,1,1,0,0,0,0,6,0.0,0.1875,0.0,4.116729296672174,0
https://www.mirnatherapeutics.com/,0,1,false_positive,0.6367354471115929,34,25,1,0,0,0,1,1,0,0,0,0,6,0.0,0.17647058823529413,0.0,3.984234164652489,0
https://clad.za.com/,1,0,false_negative,0.023047551417998736,20,11,1,0,0,0,1,1,0,0,0,0,6,0.0,0.3,0.0,3.6841837197791887,0
https://www.rigaku.com/en,0,1,false_positive,0.6013039741985962,25,14,3,0,1,0,1,1,0,0,0,0,6,0.0,0.24,0.0,4.103465189601645,0
https://www.klinikum.uni-heidelberg.de/Mund-Zahn-Kieferklinik.1302.0.html,0,1,false_positive,0.626181323967077,73,30,35,0,1,0,2,1,0,0,0,5,13,0.0684931506849315,0.1780821917808219,0.0,4.534893052709132,0
http://overagamecanstrengthen.com,1,0,false_negative,0.24795321077197963,33,26,0,0,0,0,0,0,0,0,0,0,4,0.0,0.12121212121212122,0.0,3.8471282101364253,0
https://www.quironsalud.es/sagrado-corazon,0,1,false_positive,0.7870694281045357,42,18,16,0,1,0,1,1,0,0,0,0,7,0.0,0.16666666666666666,0.0,4.2431587916718465,0
https://muhc.ca/mgh/dashboard,0,1,false_positive,0.6587690680305158,29,7,14,0,2,0,0,1,0,0,0,0,6,0.0,0.20689655172413793,0.0,3.797467632984004,0
https://www.1199seiubenefits.org/,0,1,false_positive,0.9924869470055034,33,24,1,0,0,0,1,1,0,0,0,4,6,0.12121212121212122,0.18181818181818182,0.16666666666666666,4.081532376606413,0
http://kato-telin.com.vn/lib/li/,1,0,false_negative,0.2268360262021321,32,17,8,0,2,0,0,0,0,0,0,0,9,0.0,0.28125,0.0,3.9025182662886326,0
https://www.dreamfoundation.org/,0,1,false_positive,0.7832271693397805,32,23,1,0,0,0,1,1,0,0,0,0,6,0.0,0.1875,0.0,4.093139062229566,0
https://www.kingsleyhouse.org/,0,1,false_positive,0.650678420920693,30,21,1,0,0,0,1,1,0,0,0,0,6,0.0,0.2,0.0,4.031401845392171,0
https://tadeo.co.ke/ch/,1,0,false_negative,0.1234341732926511,23,11,4,0,1,0,0,1,0,0,0,0,7,0.0,0.30434782608695654,0.0,3.5342190211803413,0
https://www.alstom.com/alstom-spain,0,1,false_positive,0.5283519750657376,35,14,13,0,1,0,1,1,0,0,0,0,7,0.0,0.2,0.0,3.8214419452073276,0
https://www.dobabusiness-school.eu/,0,1,false_positive,0.8126875643543451,35,26,1,0,0,0,1,1,0,0,0,0,7,0.0,0.2,0.0,4.047160074632759,0
https://www.baden-wuerttemberg.de,0,1,false_positive,0.5691727058789934,33,25,0,0,0,0,1,1,0,0,0,0,6,0.0,0.18181818181818182,0.0,3.9047080443755195,0
https://s.team-zt.com/,1,0,false_negative,0.08777419185717734,22,13,1,0,0,0,1,1,0,0,0,0,7,0.0,0.3181818181818182,0.0,3.6069367321753205,0
https://www.plumasruralservices.org/,0,1,false_positive,0.7759200393676893,36,27,1,0,0,0,1,1,0,0,0,0,6,0.0,0.16666666666666666,0.0,4.0724312513221195,0
https://www.sanjuancollege.edu/,0,1,false_positive,0.6536678983839647,31,22,1,0,0,0,1,1,0,0,0,0,6,0.0,0.1935483870967742,0.0,4.042433003725894,0
https://www.microsoft.com/netherlands/msnederland/,0,1,false_positive,0.6195205155732904,50,17,25,0,2,0,1,1,0,0,0,0,8,0.0,0.16,0.0,4.096174630069641,0
https://vstisp.org/vstisp/,0,1,false_positive,0.7086539578083045,26,10,8,0,1,0,0,1,0,0,0,0,6,0.0,0.23076923076923078,0.0,3.301804026733389,0
https://www.silcolumbia.org/,0,1,false_positive,0.6707110314738384,28,19,1,0,0,0,1,1,0,0,0,0,6,0.0,0.21428571428571427,0.0,4.039148671903071,0
https://design-science.org.uk/,0,1,false_positive,0.6950847391963144,30,21,1,0,0,0,0,1,0,0,0,0,7,0.0,0.23333333333333334,0.0,4.031401845392171,0
https://www.eamchospital.org/,0,1,false_positive,0.5478640172698723,29,20,1,0,0,0,1,1,0,0,0,0,6,0.0,0.20689655172413793,0.0,3.9523029776623866,0
https://www.lasemillafoodcenter.org/,0,1,false_positive,0.8461209707680407,36,27,1,0,0,0,1,1,0,0,0,0,6,0.0,0.16666666666666666,0.0,4.155221528859512,0
https://www.honeywell.com/en-us/global/de-de,0,1,false_positive,0.55370241371787,44,17,19,0,3,0,1,1,0,0,0,0,10,0.0,0.22727272727272727,0.0,4.141836881113728,0
https://www.fresenius-kabi.com/kr/,0,1,false_positive,0.6300689894511201,34,22,4,0,1,0,1,1,0,0,0,0,8,0.0,0.23529411764705882,0.0,4.219528282299548,0
https://accesvodstream.com/,1,0,false_negative,0.18937535321740195,27,18,1,0,0,0,0,1,0,0,0,0,5,0.0,0.18518518518518517,0.0,3.7541634277688813,0
https://airtoken.typeform.com,1,0,false_negative,0.24456367592336828,29,21,0,0,0,0,1,1,0,0,0,0,5,0.0,0.1724137931034483,0.0,4.004364184708142,0
https://ufhealth.org/uf-health-rehab-hospital,0,1,false_positive,0.5095987396780164,45,12,25,0,1,0,0,1,0,0,0,0,8,0.0,0.17777777777777778,0.0,3.9300603199409214,0
https://www.research4life.org,0,1,false_positive,0.8056790972303064,29,21,0,0,0,0,1,1,0,0,0,1,5,0.034482758620689655,0.1724137931034483,0.047619047619047616,4.021268494903765,0
https://www.hyderabadrheumatologycenter.com/,0,1,false_positive,0.9021639761037179,44,35,1,0,0,0,1,1,0,0,0,0,6,0.0,0.13636363636363635,0.0,4.220128777433188,0
https://www.clevelandfed.org/,0,1,false_positive,0.7907966380279496,29,20,1,0,0,0,1,1,0,0,0,0,6,0.0,0.20689655172413793,0.0,4.090234012145144,0
https://www.capeannmuseum.org/,0,1,false_positive,0.6366100259824843,30,21,1,0,0,0,1,1,0,0,0,0,6,0.0,0.2,0.0,3.989898095464287,0
https://pidpadir.kdgeadvogadosassociados.com.br/,1,0,false_negative,0.3895098559331207,48,39,1,0,0,0,1,1,0,0,0,0,7,0.0,0.14583333333333334,0.0,3.9733323666317553,0
https://www.heidelbergcement.com/en/uk,0,1,false_positive,0.6688367816965135,38,24,6,0,2,0,1,1,0,0,0,0,7,0.0,0.18421052631578946,0.0,4.11583409216322,0
https://ftpbbs.com/jp/,1,0,false_negative,0.3582861394553318,22,10,4,0,1,0,0,1,0,0,0,0,6,0.0,0.2727272727272727,0.0,3.481714572986072,0
https://bjbmn.weebly.com/,1,0,false_negative,0.4260235569419446,25,16,1,0,0,0,1,1,0,0,0,0,6,0.0,0.24,0.0,3.943465189601646,0
https://www.insilico-biotechnology.com/,0,1,false_positive,0.8729799799166575,39,30,1,0,0,0,1,1,0,0,0,0,7,0.0,0.1794871794871795,0.0,4.038499898783,0
https://www.npistanbul.com/en,0,1,false_positive,0.5964831564328046,29,18,3,0,1,0,1,1,0,0,0,0,6,0.0,0.20689655172413793,0.0,3.9952378913808873,0
http://netempresapj.info/,1,0,false_negative,0.03446290711421742,25,17,1,0,0,0,0,0,0,0,0,0,5,0.0,0.2,0.0,3.803074189428568,0
https://www.taibahu.edu.sa/Pages/AR/Home.aspx,0,1,false_positive,0.5096256645711607,45,18,19,0,3,0,1,1,0,0,0,0,10,0.0,0.2222222222222222,0.0,4.169987686210475,0
https://kavli.berkeley.edu/,0,1,false_positive,0.621268473128319,27,18,1,0,0,0,1,1,0,0,0,0,6,0.0,0.2222222222222222,0.0,3.986187965046304,0
https://www.koreaexim.go.kr/site/main/index002,0,1,false_positive,0.6243473312894676,46,19,19,0,3,0,2,1,0,0,0,3,9,0.06521739130434782,0.1956521739130435,0.0,4.221946673862943,0
https://science-learning.com/,0,1,false_positive,0.7987305537513849,29,20,1,0,0,0,0,1,0,0,0,0,6,0.0,0.20689655172413793,0.0,3.9952378913808873,0
https://www.eaglegenomics.com/,0,1,false_positive,0.5915114969767088,30,21,1,0,0,0,1,1,0,0,0,0,6,0.0,0.2,0.0,3.9647351787255047,0
https://xslmed.ij120.com,0,1,false_positive,0.6482582574839665,24,16,0,0,0,0,1,1,0,0,0,3,5,0.125,0.20833333333333334,0.1875,4.16829583405449,0
https://grinding.fivesgroup.com/,0,1,false_positive,0.7954925021150889,32,23,1,0,0,0,1,1,0,0,0,0,6,0.0,0.1875,0.0,4.116729296672174,0
https://mesh.za.com/aud/it/app/,1,0,false_negative,0.06396748891479027,31,11,12,0,3,0,1,1,0,0,0,0,9,0.0,0.2903225806451613,0.0,3.7356660681024443,0
https://russelllibrary.org/about/,0,1,false_positive,0.8236071612397445,33,18,7,0,1,0,0,1,0,0,0,0,6,0.0,0.18181818181818182,0.0,3.884858891889047,0
https://momentum-research.com/intro4.php,0,1,false_positive,0.930928332173208,40,21,11,0,1,0,0,1,0,0,0,1,7,0.025,0.175,0.0,4.008694969562841,0
https://www.expressiontherapeutics.com/,0,1,false_positive,0.765375108389351,39,30,1,0,0,0,1,1,0,0,0,0,6,0.0,0.15384615384615385,0.0,3.9965647186958275,0
https://asmails.weebly.com/,1,0,false_negative,0.48106337413774164,27,18,1,0,0,0,1,1,0,0,0,0,6,0.0,0.2222222222222222,0.0,3.958229168669879,0
http://hfbweuibfinmonline.com/,1,0,false_negative,0.041444663274077115,30,22,1,0,0,0,0,0,0,0,0,0,5,0.0,0.16666666666666666,0.0,3.9647351787255047,0
https://www.sekisuimedical.jp/,0,1,false_positive,0.6402723747364852,30,21,1,0,0,0,1,1,0,0,0,0,6,0.0,0.2,0.0,4.0062389286533895,0
https://lab21healthcare.com,0,1,false_positive,0.5338134826896606,27,19,0,0,0,0,0,1,0,0,0,2,4,0.07407407407407407,0.14814814814814814,0.10526315789473684,3.930270372293455,0
https://www.universalmusic.com/,0,1,false_positive,0.785171113971454,31,22,1,0,0,0,1,1,0,0,0,0,6,0.0,0.1935483870967742,0.0,4.106949132758152,0
https://ee-debits.web.app/,1,0,false_negative,0.2637436528588774,26,17,1,0,0,0,1,1,0,0,0,0,7,0.0,0.2692307692307692,0.0,3.613337314045307,0
https://seomeere.weebly.com/,1,0,false_negative,0.34872288638618554,28,19,1,0,0,0,1,1,0,0,0,0,6,0.0,0.21428571428571427,0.0,3.7264741182543752,0
https://www.paragon28.com/,0,1,false_positive,0.9325463061102609,26,17,1,0,0,0,1,1,0,0,0,2,6,0.07692307692307693,0.23076923076923078,0.11764705882352941,3.9500637564362093,0
https://wpxxxx.weebly.com/,1,0,false_negative,0.21997201652497853,26,17,1,0,0,0,1,1,0,0,0,0,6,0.0,0.23076923076923078,0.0,3.8252517372886508,0
https://mligros.cc/ch/,1,0,false_negative,0.3498926516853215,22,10,4,0,1,0,0,1,0,0,0,0,6,0.0,0.2727272727272727,0.0,3.6069367321753205,0
https://rtyywweyt.weebly.com/,1,0,false_negative,0.397473766188866,29,20,1,0,0,0,1,1,0,0,0,0,6,0.0,0.20689655172413793,0.0,3.745406425938248,0
https://www.microsoft.com/en-gb,0,1,false_positive,0.6520430243375133,31,17,6,0,1,0,1,1,0,0,0,0,7,0.0,0.22580645161290322,0.0,4.082597923010943,0
https://www.focusireland.ie/,0,1,false_positive,0.7922782439244552,28,19,1,0,0,0,1,1,0,0,0,0,6,0.0,0.21428571428571427,0.0,4.110577243331642,0
https://www.kilocoach.com/info/terms,0,1,false_positive,0.600728851586964,36,17,11,0,2,0,1,1,0,0,0,0,7,0.0,0.19444444444444445,0.0,4.0514621540398,0
https://greaterlansingfoodbank.org/,0,1,false_positive,0.5278794449256299,35,26,1,0,0,0,0,1,0,0,0,0,5,0.0,0.14285714285714285,0.0,4.064019802226558,1
https://www.lipmanhearne.com/,0,1,false_positive,0.6386665771710874,29,20,1,0,0,0,1,1,0,0,0,0,6,0.0,0.20689655172413793,0.0,3.978333581185264,0
https://www.theroxburyinstitute.com/,0,1,false_positive,0.6884117544506563,36,27,1,0,0,0,1,1,0,0,0,0,6,0.0,0.16666666666666666,0.0,4.030493056757482,0
https://b-t-i-n-t-e-r-n-e-t-105959.weeblysite.com,1,0,false_negative,0.47513950524984183,49,41,0,0,0,0,1,1,0,0,0,6,15,0.12244897959183673,0.30612244897959184,0.14634146341463414,4.056777263959344,0
https://www.ashecac.org/?view=calendar&month=01-2019,0,1,false_positive,0.6336521618612774,52,15,1,27,0,2,1,1,0,0,1,6,11,0.11538461538461539,0.21153846153846154,0.0,4.627854381394604,0
https://www.nfdi4datascience.de,0,1,false_positive,0.5732574032050177,31,23,0,0,0,0,1,1,0,0,0,1,5,0.03225806451612903,0.16129032258064516,0.043478260869565216,3.889049535914169,0
https://www.gob.mx/salud%7Chospitalgea/que-hacemos,0,1,false_positive,0.7785611692338976,50,10,32,0,2,0,1,1,0,0,0,1,9,0.02,0.18,0.0,4.448367439558377,0
https://sahealth.com/locations/methodistchildrens/,0,1,false_positive,0.6560712487599912,50,12,30,0,2,0,0,1,0,0,0,0,7,0.0,0.14,0.0,3.881593511005629,0
https://healthcare-conferences.com/,0,1,false_positive,0.7993253614899419,35,26,1,0,0,0,0,1,0,0,0,0,6,0.0,0.17142857142857143,0.0,3.8757315032041877,0
http://trezor-reviews.com,1,0,false_negative,0.450687048116531,25,18,0,0,0,0,0,0,0,0,0,0,5,0.0,0.2,0.0,3.913269689515107,0
https://www.alcatel-lucent.com/,0,1,false_positive,0.5584807312318023,31,22,1,0,0,0,1,1,0,0,0,0,7,0.0,0.22580645161290322,0.0,3.8890495359141686,0
https://www.clingendael.org/,0,1,false_positive,0.6707110314738384,28,19,1,0,0,0,1,1,0,0,0,0,6,0.0,0.21428571428571427,0.0,4.039148671903071,0
https://www.babcockinternational.com/,0,1,false_positive,0.7312265584943068,37,28,1,0,0,0,1,1,0,0,0,0,6,0.0,0.16216216216216217,0.0,4.060012149061902,0
https://www.alliedmedia.org/,0,1,false_positive,0.5509681794772672,28,19,1,0,0,0,1,1,0,0,0,0,6,0.0,0.21428571428571427,0.0,3.9677201004744997,0
http://dsphpbb.net/VOICE.ATT.html,1,0,false_negative,0.1843671987623286,33,11,15,0,1,0,0,0,0,0,0,0,7,0.0,0.21212121212121213,0.0,4.104407755459851,0
https://www.oxfordplastics.com/,0,1,false_positive,0.626944633140458,31,22,1,0,0,0,1,1,0,0,0,0,6,0.0,0.1935483870967742,0.0,3.9937305842314763,0
https://ctaer.com/en,0,1,false_positive,0.6481143843838862,20,9,3,0,1,0,0,1,0,0,0,0,5,0.0,0.25,0.0,3.646439344671015,0
https://alaska.providence.org/,0,1,false_positive,0.8012061837151089,30,21,1,0,0,0,1,1,0,0,0,0,6,0.0,0.2,0.0,4.12323142879762,0
https://www.elizabethgreenshieldsfoundation.org/,0,1,false_positive,0.9330382716100815,48,39,1,0,0,0,1,1,0,0,0,0,6,0.0,0.125,0.0,4.233007230104884,0
https://www.nederlandseskivereniging.nl/,0,1,false_positive,0.7541256557894122,40,31,1,0,0,0,1,1,0,0,0,0,6,0.0,0.15,0.0,3.9659573209491743,0
https://www.buckeyepva.org/,0,1,false_positive,0.7685279646927183,27,18,1,0,0,0,1,1,0,0,0,0,6,0.0,0.2222222222222222,0.0,4.106377316818028,0
http://plazmaferezis1.t-online.hu/,0,1,false_positive,0.5715106073241256,34,26,1,0,0,0,1,0,0,0,0,1,7,0.029411764705882353,0.20588235294117646,0.038461538461538464,4.1973257087065035,0
https://www.americanstandard-us.com/,0,1,false_positive,0.8329451611443727,36,27,1,0,0,0,1,1,0,0,0,0,7,0.0,0.19444444444444445,0.0,4.0860486123130375,0
https://www.probitymedical.com/,0,1,false_positive,0.785171113971454,31,22,1,0,0,0,1,1,0,0,0,0,6,0.0,0.1935483870967742,0.0,4.106949132758152,0
https://www.tuev-nord-group.com,0,1,false_positive,0.7495947247547775,31,23,0,0,0,0,1,1,0,0,0,0,7,0.0,0.22580645161290322,0.0,4.106949132758152,0
https://www.matters-of-activity.de/en/,0,1,false_positive,0.7828640807494983,38,26,4,0,1,0,1,1,0,0,0,0,9,0.0,0.23684210526315788,0.0,4.11583409216322,0
https://www.euclidlibrary.org/,0,1,false_positive,0.8237331789499585,30,21,1,0,0,0,1,1,0,0,0,0,6,0.0,0.2,0.0,4.164735178725505,0
http://quantummotion.tech,0,1,false_positive,0.5402044721508044,25,18,0,0,0,0,0,0,0,0,0,0,4,0.0,0.16,0.0,3.6994705707972515,0
https://www.stgeorges.nhs.uk/about/history/qmh/,0,1,false_positive,0.5133294492560465,47,20,19,0,3,0,2,1,0,0,0,0,10,0.0,0.2127659574468085,0.0,4.086637395088467,0
https://www.ilhumanities.org/,0,1,false_positive,0.6516318728824999,29,20,1,0,0,0,1,1,0,0,0,0,6,0.0,0.20689655172413793,0.0,3.9952378913808873,0
https://www.andersenwindows.com/,0,1,false_positive,0.5113214122667359,32,23,1,0,0,0,1,1,0,0,0,0,6,0.0,0.1875,0.0,3.878928031846024,0
https://www.cpisandiego.org/,0,1,false_positive,0.5509681794772672,28,19,1,0,0,0,1,1,0,0,0,0,6,0.0,0.21428571428571427,0.0,3.9677201004744993,0
https://chescocf.org/fund/chain-of-love/,0,1,false_positive,0.7553298082735104,40,12,20,0,2,0,0,1,0,0,0,0,9,0.0,0.225,0.0,4.143942707918268,0
https://nam-anh-app.web.app/,1,0,false_negative,0.4890095539716269,28,19,1,0,0,0,1,1,0,0,0,0,8,0.0,0.2857142857142857,0.0,3.580050351464737,0
https://www.epictheatreensemble.org/,0,1,false_positive,0.6830715538756513,36,27,1,0,0,0,1,1,0,0,0,0,6,0.0,0.16666666666666666,0.0,3.974937501201926,0
http://huseyinbasusta.com/sitesite/reddd.html,1,0,false_negative,0.18416855595328943,45,18,20,0,2,0,0,0,0,0,0,0,7,0.0,0.15555555555555556,0.0,4.038873585546249,0
https://www.leipzig-halle-airport.de/en/,0,1,false_positive,0.7603188194897962,40,28,4,0,1,0,1,1,0,0,0,0,9,0.0,0.225,0.0,4.0775671571169285,0
https://www.diamant-zucker.de/,0,1,false_positive,0.7464765378033572,30,21,1,0,0,0,1,1,0,0,0,0,7,0.0,0.23333333333333334,0.0,4.164735178725506,0
https://www.shrinershospitalsforchildren.org/shreveport,0,1,false_positive,0.6298519361357872,55,36,11,0,1,0,1,1,0,0,0,0,6,0.0,0.10909090909090909,0.0,4.039715169127916,0
https://buzzmanchester.co.uk/,0,1,false_positive,0.5344182933741388,29,20,1,0,0,0,0,1,0,0,0,0,6,0.0,0.20689655172413793,0.0,4.0472990984266435,0
https://li2p.univ-paris13.fr,0,1,false_positive,0.7824568526646256,28,20,0,0,0,0,1,1,0,0,0,3,6,0.10714285714285714,0.21428571428571427,0.15,4.110577243331642,0
https://www.tab-beim-bundestag.de,0,1,false_positive,0.7705896104796627,33,25,0,0,0,0,1,1,0,0,0,0,7,0.0,0.21212121212121213,0.0,4.006071013101169,0
https://www.onltherapeutics.com/,0,1,false_positive,0.6327197534593931,32,23,1,0,0,0,1,1,0,0,0,0,6,0.0,0.1875,0.0,4.015319531114783,0
https://portaal-mta.web.app/,1,0,false_negative,0.33413181907759587,28,19,1,0,0,0,1,1,0,0,0,0,7,0.0,0.25,0.0,3.7089660826946234,0
https://www.eurobio-scientific.com/,0,1,false_positive,0.8136286702906759,35,26,1,0,0,0,1,1,0,0,0,0,7,0.0,0.2,0.0,4.050013373778755,0
https://www.forum2000.cz/en/homepage,0,1,false_positive,0.9806262419754286,36,16,12,0,2,0,1,1,0,0,0,4,7,0.1111111111111111,0.19444444444444445,0.25,4.218128820706467,0
http://bridgetrezo-cdn.dora.run,1,0,false_negative,0.1820825019423761,31,24,0,0,0,0,1,0,0,0,0,0,6,0.0,0.1935483870967742,0.0,4.0667842134731025,0
https://www.mottmac.com/united-kingdom,0,1,false_positive,0.6721203168611608,38,15,15,0,1,0,1,1,0,0,0,0,7,0.0,0.18421052631578946,0.0,4.093340592892869,0
https://www.franciscanhealth.org/healthcare-facilities/franciscan-health-mooresville-11,0,1,false_positive,0.532323319975199,87,24,55,0,2,0,1,1,0,0,0,2,11,0.022988505747126436,0.12643678160919541,0.0,4.197479847636555,0
https://www.artinstitutes.edu/new-york,0,1,false_positive,0.7956698197834087,38,21,9,0,1,0,1,1,0,0,0,0,7,0.0,0.18421052631578946,0.0,3.9907054736852334,0
https://karlshochschule.de/en/,0,1,false_positive,0.5793572764477547,30,18,4,0,1,0,0,1,0,0,0,0,6,0.0,0.2,0.0,3.856564762130954,0
https://lgrb-bw.de/home/index_html,0,1,false_positive,0.7628127514699229,34,10,16,0,2,0,0,1,0,0,0,0,8,0.0,0.23529411764705882,0.0,4.1973257087065035,0
https://science.nasa.gov/planetary-science/,0,1,false_positive,0.5763242229384093,43,16,19,0,1,0,1,1,0,0,0,0,8,0.0,0.18604651162790697,0.0,3.9759268947811615,0
https://www.coxhealthfoundation.com/,0,1,false_positive,0.807147864922605,36,27,1,0,0,0,1,1,0,0,0,0,6,0.0,0.16666666666666666,0.0,4.107017709595356,0
https://suportebia.info/,1,0,false_negative,0.24730533538971833,24,15,1,0,0,0,0,1,0,0,0,0,5,0.0,0.20833333333333334,0.0,3.8553885422075345,0
https://www.uab.cat/web/fundacio-salut-i-envelliment-1345754058073.html,0,1,false_positive,0.84029899598208,71,11,52,0,2,0,1,1,0,0,0,13,12,0.18309859154929578,0.16901408450704225,0.0,4.6668708868970175,0
https://schmid-group.com/,0,1,false_positive,0.7576978549392027,25,16,1,0,0,0,0,1,0,0,0,0,6,0.0,0.24,0.0,3.8936606896881845,0
https://womenslibrary.org.uk/,0,1,false_positive,0.6366067241339393,29,20,1,0,0,0,0,1,0,0,0,0,6,0.0,0.20689655172413793,0.0,4.254195650150781,0
https://www.crnh-rhone-alpes.fr/,0,1,false_positive,0.8899450257597161,32,23,1,0,0,0,1,1,0,0,0,0,8,0.0,0.25,0.0,3.9681390622295662,0
https://www.google.com/amp/s/biodrew.home.pl/root,1,0,false_negative,0.30920576970841557,49,14,27,0,4,0,1,1,0,0,0,0,11,0.0,0.22448979591836735,0.0,3.978366793760432,0
https://kckjzjnrkb.web.app/,1,0,false_negative,0.407071776987263,27,18,1,0,0,0,1,1,0,0,0,0,6,0.0,0.2222222222222222,0.0,3.9302703722934544,0
https://www.apexmedicalcorp.com/,0,1,false_positive,0.6298183786384862,32,23,1,0,0,0,1,1,0,0,0,0,6,0.0,0.1875,0.0,4.030639062229566,0
https://www.klinikum-braunschweig.de/fileadmin/css/home.html,0,1,false_positive,0.5600700012856825,60,28,24,0,3,0,1,1,0,0,0,0,10,0.0,0.16666666666666666,0.0,4.369576746316394,0
https://nke-instrumentation.com/,0,1,false_positive,0.8235211162153812,32,23,1,0,0,0,0,1,0,0,0,0,6,0.0,0.1875,0.0,3.9261085007312415,0
https://www.synexus-klinik.de/,0,1,false_positive,0.6388892902553722,30,21,1,0,0,0,1,1,0,0,0,0,7,0.0,0.23333333333333334,0.0,4.031401845392171,0
https://www.africaresearchinstitute.org/newsite/,0,1,false_positive,0.6596217602072946,48,31,9,0,1,0,1,1,0,0,0,0,7,0.0,0.14583333333333334,0.0,3.9209145219518393,0
https://www.climatecentre.org/,0,1,false_positive,0.5915114969767088,30,21,1,0,0,0,1,1,0,0,0,0,6,0.0,0.2,0.0,3.964735178725505,0
https://www.danishdiabetesacademy.dk/,0,1,false_positive,0.6578720926056713,37,28,1,0,0,0,1,1,0,0,0,0,6,0.0,0.16216216216216217,0.0,3.9723064058771302,0
https://www.oxfordlasers.com/,0,1,false_positive,0.6516318728824999,29,20,1,0,0,0,1,1,0,0,0,0,6,0.0,0.20689655172413793,0.0,3.9952378913808873,0
http://telekom-privatkunden-de.com/authentifizierung/auth.php?owa&display=popup&scope=openid&claims=%7B-id_token-%3A%7Btelekom.com%3Aall-%3Anull%7D%7D%0A&response_type=code,1,0,false_negative,0.2899984189945641,172,27,27,110,2,5,0,0,0,0,1,8,32,0.046511627906976744,0.18604651162790697,0.0,4.8432984956093055,0
https://www.raymondeducationalfoundation.org/home.php,0,1,false_positive,0.6662380057141781,53,36,9,0,1,0,1,1,0,0,0,0,7,0.0,0.1320754716981132,0.0,4.255484605180034,0
http://virchowbiotech.com,0,1,false_positive,0.5388899870812811,25,18,0,0,0,0,0,0,0,0,0,0,4,0.0,0.16,0.0,3.723074189428569,0
https://www.clermontlibrary.org/,0,1,false_positive,0.7954925021150889,32,23,1,0,0,0,1,1,0,0,0,0,6,0.0,0.1875,0.0,4.116729296672174,0
https://madc.wildapricot.org/,0,1,false_positive,0.6386665771710874,29,20,1,0,0,0,1,1,0,0,0,0,6,0.0,0.20689655172413793,0.0,3.9783335811852645,0
https://crukcambridgecentre.org.uk/,0,1,false_positive,0.6925318588023736,35,26,1,0,0,0,0,1,0,0,0,0,6,0.0,0.17142857142857143,0.0,4.128724445269141,0
https://www.wregional.com/main/medical-center,0,1,false_positive,0.5488131517299405,45,17,20,0,2,0,1,1,0,0,0,0,8,0.0,0.17777777777777778,0.0,4.1467569849301,0
https://www.microbiologysociety.org/,0,1,false_positive,0.6861185479540116,36,27,1,0,0,0,1,1,0,0,0,0,6,0.0,0.16666666666666666,0.0,3.9857808213564594,0
https://locatel.weebly.com/,1,0,false_negative,0.23864206715740688,27,18,1,0,0,0,1,1,0,0,0,0,6,0.0,0.2222222222222222,0.0,3.8282375018429553,0
https://www.bios-bioenergy.at/,0,1,false_positive,0.6388892902553722,30,21,1,0,0,0,1,1,0,0,0,0,7,0.0,0.23333333333333334,0.0,4.031401845392171,0
https://www.museumstavanger.no/,0,1,false_positive,0.5703277737342983,31,22,1,0,0,0,1,1,0,0,0,0,6,0.0,0.1935483870967742,0.0,3.953565664946427,0
https://www.fondazionecrui.it/,0,1,false_positive,0.779641695822663,30,21,1,0,0,0,1,1,0,0,0,0,6,0.0,0.2,0.0,4.072905595320056,0
https://www.krueger-group.com/,0,1,false_positive,0.6189165342726936,30,21,1,0,0,0,1,1,0,0,0,0,7,0.0,0.23333333333333334,0.0,3.9647351787255047,0
https://flight-deals.lifemiles.com/es/viajar-con-millas-hn,1,0,false_negative,0.3252766542865373,58,26,24,0,2,0,1,1,0,0,0,0,11,0.0,0.1896551724137931,0.0,4.220158263063936,0
https://www.rcibanque.de/,0,1,false_positive,0.6155326078656327,25,16,1,0,0,0,1,1,0,0,0,0,6,0.0,0.24,0.0,4.023465189601646,0
https://www.nuffieldhealth.com/hospitals/exeter,0,1,false_positive,0.6935622300769954,47,22,17,0,2,0,1,1,0,0,0,0,7,0.0,0.14893617021276595,0.0,4.161313459010318,0
https://refretetwy.weebly.com/,1,0,false_negative,0.432348041758503,30,21,1,0,0,0,1,1,0,0,0,0,6,0.0,0.2,0.0,3.828072996388509,0
https://www.zaansmedischcentrum.nl/,0,1,false_positive,0.8018404864537978,35,26,1,0,0,0,1,1,0,0,0,0,6,0.0,0.17142857142857143,0.0,4.107156230921613,0
https://universityoflasalette.edu.ph/,0,1,false_positive,0.5742892569758853,37,28,1,0,0,0,0,1,0,0,0,0,6,0.0,0.16216216216216217,0.0,4.044063758094795,0
https://www.associationhouse.org/,0,1,false_positive,0.5518412201996189,33,24,1,0,0,0,1,1,0,0,0,0,6,0.0,0.18181818181818182,0.0,3.8848588918890474,0
https://www.bridgestone.com/,0,1,false_positive,0.6349561183590634,28,19,1,0,0,0,1,1,0,0,0,0,6,0.0,0.21428571428571427,0.0,4.012188403968661,0
http://certificado.vouserpai.com.br/wp-content/plugins/wp-nasa-registry/index.php?r=bD1odHRwczovL2RxcmRidi5jb20v,1,0,false_negative,0.4361430015984345,112,28,46,30,4,1,1,0,0,0,1,5,16,0.044642857142857144,0.14285714285714285,0.0,4.912764940488595,0
https://coguy.kinsta.cloud/dubai/dupo/index.php,1,0,false_negative,0.49822203303113805,47,18,21,0,3,0,1,1,0,0,0,0,9,0.0,0.19148936170212766,0.0,4.179499692462942,0
https://www.allentownartmuseum.org/,0,1,false_positive,0.6694804045946037,35,26,1,0,0,0,1,1,0,0,0,0,6,0.0,0.17142857142857143,0.0,3.9648576597402947,0
https://www.winchesterhospital.org/,0,1,false_positive,0.610595401348832,35,26,1,0,0,0,1,1,0,0,0,0,6,0.0,0.17142857142857143,0.0,3.9217212310452396,0
https://slotoking.dp.ua,1,0,false_negative,0.050822819126353815,23,15,0,0,0,0,1,1,0,0,0,0,5,0.0,0.21739130434782608,0.0,3.8820451081368628,0
https://capitalprimetrust.one,1,0,false_negative,0.319869535679617,29,21,0,0,0,0,0,1,0,0,0,0,4,0.0,0.13793103448275862,0.0,3.8798938235206664,0
https://prohelvetia.ch/en/,0,1,false_positive,0.6351941190222827,26,14,4,0,1,0,0,1,0,0,0,0,6,0.0,0.23076923076923078,0.0,3.76718346789146,0
https://btkhdhk.weebly.com/,1,0,false_negative,0.407071776987263,27,18,1,0,0,0,1,1,0,0,0,0,6,0.0,0.2222222222222222,0.0,3.930270372293455,0
https://www.legalaidofnebraska.org/,0,1,false_positive,0.8419385449008928,35,26,1,0,0,0,1,1,0,0,0,0,6,0.0,0.17142857142857143,0.0,4.171860873964195,0
https://www.hospitalsiriolibanes.org.br/Paginas/default.aspx,0,1,false_positive,0.5356975511263957,60,31,21,0,2,0,1,1,0,0,0,0,9,0.0,0.15,0.0,4.233496795710051,0
https://www.angloamerican.com/,0,1,false_positive,0.650678420920693,30,21,1,0,0,0,1,1,0,0,0,0,6,0.0,0.2,0.0,4.031401845392172,0
https://ae.goodmoreai.mom/,1,0,false_negative,0.19353248945870885,26,17,1,0,0,0,1,1,0,0,0,0,6,0.0,0.23076923076923078,0.0,3.719294525666979,0
https://www.kudamm-199.de/,0,1,false_positive,0.7020513685945049,26,17,1,0,0,0,1,1,0,0,0,3,7,0.11538461538461539,0.2692307692307692,0.17647058823529413,3.9500637564362093,0
https://www.ifu-lichtenau.de/,0,1,false_positive,0.6035116512275449,29,20,1,0,0,0,1,1,0,0,0,0,7,0.0,0.2413793103448276,0.0,4.021268494903765,0
https://mmskksjjjxnts.web.app/,1,0,false_negative,0.42941029419939775,30,21,1,0,0,0,1,1,0,0,0,0,6,0.0,0.2,0.0,3.8062389286533893,0
https://www.gradientlens.com/,0,1,false_positive,0.7907966380279496,29,20,1,0,0,0,1,1,0,0,0,0,6,0.0,0.20689655172413793,0.0,4.090234012145145,0
https://www.friendsofkaren.org/,0,1,false_positive,0.6536678983839647,31,22,1,0,0,0,1,1,0,0,0,0,6,0.0,0.1935483870967742,0.0,4.042433003725894,0
https://nyulangone.org/locations/tisch-hospital,0,1,false_positive,0.6843144958655795,47,14,25,0,2,0,0,1,0,0,0,0,7,0.0,0.14893617021276595,0.0,4.0175924483259875,0
https://arctan-group.com/,0,1,false_positive,0.7536490082711664,25,16,1,0,0,0,0,1,0,0,0,0,6,0.0,0.24,0.0,3.863465189601646,0
https://www.neighborcare.org/,0,1,false_positive,0.5478640172698723,29,20,1,0,0,0,1,1,0,0,0,0,6,0.0,0.20689655172413793,0.0,3.9523029776623857,0
https://www.virtuellefabrik.ch/,0,1,false_positive,0.785171113971454,31,22,1,0,0,0,1,1,0,0,0,0,6,0.0,0.1935483870967742,0.0,4.106949132758152,0
https://www.meandergroep.com/,0,1,false_positive,0.5478640172698723,29,20,1,0,0,0,1,1,0,0,0,0,6,0.0,0.20689655172413793,0.0,3.952302977662386,0
https://www.poetryinternationalweb.net/pi/site/home/web,0,1,false_positive,0.6282213203249948,55,30,17,0,4,0,1,1,0,0,0,0,9,0.0,0.16363636363636364,0.0,3.891684088217438,0
https://www.fountaindale.org/,0,1,false_positive,0.7907966380279496,29,20,1,0,0,0,1,1,0,0,0,0,6,0.0,0.20689655172413793,0.0,4.090234012145144,0
http://trezrsutelgin.godaddysites.com,1,0,false_negative,0.21816865214624595,37,30,0,0,0,0,1,0,0,0,0,0,5,0.0,0.13513513513513514,0.0,4.185823555333621,0
https://museum-irkutsk.com/,0,1,false_positive,0.7010884268417763,27,18,1,0,0,0,0,1,0,0,0,0,6,0.0,0.2222222222222222,0.0,3.800278705466531,0
https://www.gasolfoundation.org/,0,1,false_positive,0.6327197534593931,32,23,1,0,0,0,1,1,0,0,0,0,6,0.0,0.1875,0.0,3.9917292966721747,0
https://www.cookcountypublichealth.org/,0,1,false_positive,0.8679926815508052,39,30,1,0,0,0,1,1,0,0,0,0,6,0.0,0.15384615384615385,0.0,4.182336834024969,0
http://goanlxc9.bentley-vip-service.de/?id=grafiklab.fr,1,0,false_negative,0.4578222313635466,55,31,1,15,0,1,1,0,0,0,1,1,11,0.01818181818181818,0.2,0.03225806451612903,4.578833068298884,0
https://www.flexiant.com/,0,1,false_positive,0.5779559934221625,25,16,1,0,0,0,1,1,0,0,0,0,6,0.0,0.24,0.0,3.9932696895151065,0
https://www.allenvanguard.com/,0,1,false_positive,0.8237331789499585,30,21,1,0,0,0,1,1,0,0,0,0,6,0.0,0.2,0.0,4.164735178725505,0
https://www.bicycletherapeutics.com/,0,1,false_positive,0.7178465946671602,36,27,1,0,0,0,1,1,0,0,0,0,6,0.0,0.16666666666666666,0.0,4.0514621540398,0
https://www.klinikum-dresden.de/,0,1,false_positive,0.738106931176362,32,23,1,0,0,0,1,1,0,0,0,0,7,0.0,0.21875,0.0,4.030639062229566,0
https://wm.baden-wuerttemberg.de/de/startseite/,0,1,false_positive,0.5763313298326246,47,24,15,0,2,0,1,1,0,0,0,0,9,0.0,0.19148936170212766,0.0,3.8625508211386914,0
https://21csi.wordpress.com,0,1,false_positive,0.5551484218408359,27,19,0,0,0,0,1,1,0,0,0,2,5,0.07407407407407407,0.18518518518518517,0.10526315789473684,3.9400726873486547,0
https://ny.revebc.cc/us,1,0,false_negative,0.2452471690698679,23,12,3,0,1,0,1,1,0,0,0,0,6,0.0,0.2608695652173913,0.0,3.7622673906514947,0
https://www.clevelandsleepresearch.com/,0,1,false_positive,0.7536732881243308,39,30,1,0,0,0,1,1,0,0,0,0,6,0.0,0.15384615384615385,0.0,3.970422410781626,0
http://rgali.ru,0,1,false_positive,0.5967150142802659,15,8,0,0,0,0,0,0,0,0,0,0,4,0.0,0.26666666666666666,0.0,3.506890595608518,0
https://ortec.com/en,0,1,false_positive,0.5881233266073124,20,9,3,0,1,0,0,1,0,0,0,0,5,0.0,0.25,0.0,3.5464393446710147,0
http://celcomdigi-sdn.weebly.com,1,0,false_negative,0.19373819149453472,32,25,0,0,0,0,1,0,0,0,0,0,6,0.0,0.1875,0.0,4.202819531114783,0
https://www.laserspineinstitute.com/,0,1,false_positive,0.6211857882477602,36,27,1,0,0,0,1,1,0,0,0,0,6,0.0,0.16666666666666666,0.0,3.9302252658009036,0
https://www.pronatura-champ-pittet.ch/,0,1,false_positive,0.9655472853370961,38,29,1,0,0,0,1,1,0,0,0,0,8,0.0,0.21052631578947367,0.0,3.9182084341546157,0
http://winrownurseries.com,1,0,false_negative,0.24801464176600985,26,19,0,0,0,0,0,0,0,0,0,0,4,0.0,0.15384615384615385,0.0,3.902174814211728,0
https://www.cannonchurch.org/care/cancer-ministry/,0,1,false_positive,0.5052160472300116,50,20,22,0,2,0,1,1,0,0,0,0,9,0.0,0.18,0.0,4.056691261048899,0
https://hagarinternational.org/international/,0,1,false_positive,0.729799422668398,45,22,15,0,1,0,0,1,0,0,0,0,6,0.0,0.13333333333333333,0.0,3.6410928182153577,0
https://www.asl1.liguria.it/ospedali/ospedale-sanremo.html,0,1,false_positive,0.6421740989264139,58,19,31,0,2,0,2,1,0,0,0,1,10,0.017241379310344827,0.1724137931034483,0.05263157894736842,4.183953685993075,0
https://tax.ny-goui.cc/us,1,0,false_negative,0.3978315970710755,25,14,3,0,1,0,1,1,0,0,0,0,7,0.0,0.28,0.0,3.943465189601646,0
https://eytghb.weebly.com/,1,0,false_negative,0.2191472455279325,26,17,1,0,0,0,1,1,0,0,0,0,6,0.0,0.23076923076923078,0.0,3.8441065448145375,0
https://www.lanner.com/en-gb,0,1,false_positive,0.5755235639492713,28,14,6,0,1,0,1,1,0,0,0,0,7,0.0,0.25,0.0,4.0836169753972325,0
https://psychoanalysis.org.uk/,0,1,false_positive,0.5234384872990466,30,21,1,0,0,0,0,1,0,0,0,0,6,0.0,0.2,0.0,4.015061012203069,0
https://www.multiaxialfabrics.com/,0,1,false_positive,0.7776037950325433,34,25,1,0,0,0,1,1,0,0,0,0,6,0.0,0.17647058823529413,0.0,4.094097032108653,0
https://www.unadmexico.mx/,0,1,false_positive,0.6387911240967068,26,17,1,0,0,0,1,1,0,0,0,0,6,0.0,0.23076923076923078,0.0,4.026986833359286,0
https://www.courageouskids.org/,0,1,false_positive,0.6338388533190669,31,22,1,0,0,0,1,1,0,0,0,0,6,0.0,0.1935483870967742,0.0,4.018081793978685,0
https://www.sodertaljesjukhus.se/,0,1,false_positive,0.528006537485811,33,24,1,0,0,0,1,1,0,0,0,0,6,0.0,0.18181818181818182,0.0,3.873812589567827,0
https://www.goldfinchbio.com/,0,1,false_positive,0.6542470615343617,29,20,1,0,0,0,1,1,0,0,0,0,6,0.0,0.20689655172413793,0.0,4.021268494903765,0
https://newfloridamajority.org/,0,1,false_positive,0.5333396416422079,31,22,1,0,0,0,0,1,0,0,0,0,5,0.0,0.16129032258064516,0.0,4.21163018107546,0
https://mim.ac.cy/mim/mim.nsf/home2/home2?opendocument,0,1,false_positive,0.5778521333868837,54,9,24,12,4,1,0,1,0,0,1,2,11,0.037037037037037035,0.2037037037037037,0.0,4.00362037197294,0
https://www.prysmiangroup.com/en,0,1,false_positive,0.7524411282496171,32,21,3,0,1,0,1,1,0,0,0,0,6,0.0,0.1875,0.0,4.116729296672174,0
https://www.seedfoundation.com/,0,1,false_positive,0.6338388533190669,31,22,1,0,0,0,1,1,0,0,0,0,6,0.0,0.1935483870967742,0.0,4.018081793978685,0
https://robugen.de/rn/opencms/html/de/01_Division/Home/Unternehmen/index.html,0,1,false_positive,0.6543467329560265,77,10,59,0,8,0,0,1,0,0,0,2,14,0.025974025974025976,0.18181818181818182,0.0,4.276753431380376,0
https://museesreunion.fr/kelonia,0,1,false_positive,0.8831257423723666,32,16,8,0,1,0,0,1,0,0,0,0,5,0.0,0.15625,0.0,3.9917292966721747,0
https://mastr.artworx.at/dk/,1,0,false_negative,0.26212253965036597,28,16,4,0,1,0,1,1,0,0,0,0,7,0.0,0.25,0.0,3.6245186549588984,0
https://www.gov.uk/government/organisations/hm-treasury,0,1,false_positive,0.5015442873351761,55,10,37,0,3,0,0,1,0,0,0,0,9,0.0,0.16363636363636364,0.0,4.2133809688423405,0
https://www.universityhealth.org/,0,1,false_positive,0.7489963517273932,33,24,1,0,0,0,1,1,0,0,0,0,6,0.0,0.18181818181818182,0.0,4.066677073707229,0
https://personal.ems.psu.edu/~dmb53/OGC/index.html,0,1,false_positive,0.5986876545952279,50,20,22,0,3,0,2,1,0,0,0,2,11,0.04,0.22,0.0,4.391272380112911,0
http://zekiofarm.com/square/loader.php,1,0,false_negative,0.25537793307670104,38,13,18,0,2,0,0,0,0,0,0,0,7,0.0,0.18421052631578946,0.0,4.201231789474708,0
http://myhermers.cfd,1,0,false_negative,0.16770470894041506,20,13,0,0,0,0,0,0,0,0,0,0,4,0.0,0.2,0.0,3.721928094887362,0
https://www.maboumines.org/,0,1,false_positive,0.6627657473659881,27,18,1,0,0,0,1,1,0,0,0,0,6,0.0,0.2222222222222222,0.0,4.032303242743954,0
https://jjuhhhhhj.weebly.com/,1,0,false_negative,0.408671174727324,29,20,1,0,0,0,1,1,0,0,0,0,6,0.0,0.20689655172413793,0.0,3.7883413396567494,0
https://www.advanced-materials-tech.com/,0,1,false_positive,0.9584133044334812,40,31,1,0,0,0,1,1,0,0,0,0,8,0.0,0.2,0.0,4.146439344671015,0
https://www.biedermann-technologies.com/,0,1,false_positive,0.9088955126326662,40,31,1,0,0,0,1,1,0,0,0,0,7,0.0,0.175,0.0,4.227567157116928,0
https://theocatho.unistra.fr/ur4377/presentation-de-lur-4377/,0,1,false_positive,0.874925723562502,61,20,33,0,2,0,1,1,0,0,0,8,11,0.13114754098360656,0.18032786885245902,0.0,4.25606556840844,0
https://www.accesstonutrition.org/,0,1,false_positive,0.55134887021497,34,25,1,0,0,0,1,1,0,0,0,0,6,0.0,0.17647058823529413,0.0,3.8924866505712017,0
https://www.biotechnbeyond.com/,0,1,false_positive,0.5703277737342983,31,22,1,0,0,0,1,1,0,0,0,0,6,0.0,0.1935483870967742,0.0,3.953565664946427,0
https://eki-netlb.top/jp/,1,0,false_negative,0.41884951931815595,25,13,4,0,1,0,0,1,0,0,0,0,7,0.0,0.28,0.0,3.7336606896881843,0
https://www.scitechdevelopment.com/,0,1,false_positive,0.610595401348832,35,26,1,0,0,0,1,1,0,0,0,0,6,0.0,0.17142857142857143,0.0,3.9217212310452396,0
https://www.sudamin-rohstoff.com/,0,1,false_positive,0.8158606589069839,33,24,1,0,0,0,1,1,0,0,0,0,7,0.0,0.21212121212121213,0.0,4.081532376606413,0
https://www.ashfoundation.org/,0,1,false_positive,0.544374487356172,30,21,1,0,0,0,1,1,0,0,0,0,6,0.0,0.2,0.0,3.9395722619867226,0
https://istiincorporated.wordpress.com/,0,1,false_positive,0.6835501375904205,39,30,1,0,0,0,1,1,0,0,0,0,6,0.0,0.15384615384615385,0.0,3.8940006161317253,0
https://www.metrohm-autolab.com/,0,1,false_positive,0.7381139171144041,32,23,1,0,0,0,1,1,0,0,0,0,7,0.0,0.21875,0.0,3.9681390622295662,0
https://www.diakonhjemmet.no/en/foundation,0,1,false_positive,0.6152170807884757,42,20,14,0,2,0,1,1,0,0,0,0,7,0.0,0.16666666666666666,0.0,4.032331339951051,0
https://www.radianthealthcenters.org/,0,1,false_positive,0.648757022694606,37,28,1,0,0,0,1,1,0,0,0,0,6,0.0,0.16216216216216217,0.0,3.962454298401447,0
https://www.powerfilmsolar.com/,0,1,false_positive,0.552526242680913,31,22,1,0,0,0,1,1,0,0,0,0,6,0.0,0.1935483870967742,0.0,3.9377519554085865,0
https://air-institute.org/,0,1,false_positive,0.6263743505556623,26,17,1,0,0,0,0,1,0,0,0,0,6,0.0,0.23076923076923078,0.0,3.7343083535732546,0
https://chembio.triiprograms.org/,0,1,false_positive,0.5185467508146504,33,24,1,0,0,0,1,1,0,0,0,0,6,0.0,0.18181818181818182,0.0,3.861983513035609,0
https://pllsadosaod.pages.dev/,1,0,false_negative,0.42234775043468936,30,21,1,0,0,0,1,1,0,0,0,0,6,0.0,0.2,0.0,3.6729055953200556,0
https://www.tidelandshealth.org/,0,1,false_positive,0.5388093888605007,32,23,1,0,0,0,1,1,0,0,0,0,6,0.0,0.1875,0.0,3.9292292966721747,0
https://app.beneficiocombo.click,1,0,false_negative,0.4102969932791571,32,24,0,0,0,0,1,1,0,0,0,0,5,0.0,0.15625,0.0,3.9917292966721747,0
https://pptt-gov.ink/,1,0,false_negative,0.18573419644388445,21,12,1,0,0,0,0,1,0,0,0,0,6,0.0,0.2857142857142857,0.0,3.5585186130489053,0
https://www.zepto-cataract.com/,0,1,false_positive,0.5435766723681512,31,22,1,0,0,0,1,1,0,0,0,0,7,0.0,0.22580645161290322,0.0,3.7726095206097554,0
https://www.goldskincare.com/,0,1,false_positive,0.8298829422300716,29,20,1,0,0,0,1,1,0,0,0,0,6,0.0,0.20689655172413793,0.0,4.1852301329094015,0
https://www.christoph-dornier-stiftung.de/,0,1,false_positive,0.9569473307184996,42,33,1,0,0,0,1,1,0,0,0,0,8,0.0,0.19047619047619047,0.0,4.103294434983102,0
https://digitalpersonasweb.my.canva.site/,1,0,false_negative,0.17180412525945118,41,32,1,0,0,0,2,1,0,0,0,0,7,0.0,0.17073170731707318,0.0,4.210733711724086,0
https://www.kingsfoundation.org/,0,1,false_positive,0.6327197534593931,32,23,1,0,0,0,1,1,0,0,0,0,6,0.0,0.1875,0.0,4.007048827786958,0
https://www.stoneridgetechnology.com/,0,1,false_positive,0.7470291538626479,37,28,1,0,0,0,1,1,0,0,0,0,6,0.0,0.16216216216216217,0.0,4.0671651897778585,0
https://www.bedimensional.com/,0,1,false_positive,0.756071253584431,30,21,1,0,0,0,1,1,0,0,0,0,6,0.0,0.2,0.0,4.056564762130954,0
https://www.comunidad.madrid/hospital/infantaleonor/,0,1,false_positive,0.6762537919360091,52,20,24,0,2,0,1,1,0,0,0,0,8,0.0,0.15384615384615385,0.0,4.124013401774995,0
https://www.morainevalley.edu/,0,1,false_positive,0.8237331789499585,30,21,1,0,0,0,1,1,0,0,0,0,6,0.0,0.2,0.0,4.164735178725505,0
https://www.nierenzentrum-heidelberg.com/index.php?id=126&L=1,0,1,false_positive,0.6436581418270204,61,32,10,10,1,2,1,1,0,0,1,4,12,0.06557377049180328,0.19672131147540983,0.0,4.624334313436476,0
https://www.foundationforreprodmed.com/,0,1,false_positive,0.8060266981135743,39,30,1,0,0,0,1,1,0,0,0,0,6,0.0,0.15384615384615385,0.0,4.070425860265988,0
https://www.ifeu-iserlohn.de/,0,1,false_positive,0.6035116512275449,29,20,1,0,0,0,1,1,0,0,0,0,7,0.0,0.2413793103448276,0.0,4.021268494903765,0
https://scottishwildlifetrust.org.uk/,0,1,false_positive,0.5567081257711961,37,28,1,0,0,0,0,1,0,0,0,0,6,0.0,0.16216216216216217,0.0,3.9927087708004674,0
https://www.uspreventiveservicestaskforce.org/,0,1,false_positive,0.8510053325998658,46,37,1,0,0,0,1,1,0,0,0,0,6,0.0,0.13043478260869565,0.0,4.05869069550801,0
https://www.indstatefoundation.org/,0,1,false_positive,0.672703258372533,35,26,1,0,0,0,1,1,0,0,0,0,6,0.0,0.17142857142857143,0.0,3.9684490031423745,0
https://www.margarethe-krupp-stiftung.de/,0,1,false_positive,0.9610116953454773,41,32,1,0,0,0,1,1,0,0,0,0,8,0.0,0.1951219512195122,0.0,4.153062297660665,0
https://yogisandyoginis.com/yogisandyoginis/metadata/sitemapproton/yahoo/index.html,1,0,false_negative,0.4705773169704828,83,19,56,0,5,0,0,1,0,0,0,0,10,0.0,0.12048192771084337,0.0,4.033140258265339,0
https://www.klinikum.uni-heidelberg.de/Hals-Nasen-Ohrenklinik.9411.0.html,0,1,false_positive,0.626181323967077,73,30,35,0,1,0,2,1,0,0,0,5,13,0.0684931506849315,0.1780821917808219,0.0,4.525125333226979,0
https://www.riverbanks.org/,0,1,false_positive,0.6547164110877248,27,18,1,0,0,0,1,1,0,0,0,0,6,0.0,0.2222222222222222,0.0,4.004344446367528,1
http://www.telekom-privatkunden-de.com/authentifizierung/auth.php?owa&amp;display=popup&amp;scope=openid&amp;claims=%7B-id_token-:%7Btelekom.com:all-:null%7D%7D%0A&amp;response_type=code,1,0,false_negative,0.23337981861825077,186,31,27,120,2,5,1,0,0,0,1,5,37,0.026881720430107527,0.1989247311827957,0.0,4.836618704040466,0
https://www.retinavitreous.com/,0,1,false_positive,0.6304426167174922,31,22,1,0,0,0,1,1,0,0,0,0,6,0.0,0.1935483870967742,0.0,4.0022680844408445,0
https://www.google.com.bn/amp/tiecteabreak.com/tmp/,1,0,false_negative,0.4265489063547403,51,17,26,0,3,0,1,1,0,0,0,0,11,0.0,0.21568627450980393,0.0,4.061857391237817,0
https://www.clearpointneuro.com/,0,1,false_positive,0.6298183786384862,32,23,1,0,0,0,1,1,0,0,0,0,6,0.0,0.1875,0.0,4.030639062229566,0
https://www.south-atlantic-research.org/,0,1,false_positive,0.9565350158647726,40,31,1,0,0,0,1,1,0,0,0,0,8,0.0,0.2,0.0,4.068453957701921,0
https://shinebraklikana.com,1,0,false_negative,0.11781694919543093,27,19,0,0,0,0,0,1,0,0,0,0,4,0.0,0.14814814814814814,0.0,4.060262039120378,0
https://www.sourcebioscience.com/,0,1,false_positive,0.5607298955837501,33,24,1,0,0,0,1,1,0,0,0,0,6,0.0,0.18181818181818182,0.0,3.8997141947882317,0
https://ditsl.org/de/,0,1,false_positive,0.7054651699364389,21,9,4,0,1,0,0,1,0,0,0,0,6,0.0,0.2857142857142857,0.0,3.594465636961451,0
http://my-hermes.help,1,0,false_negative,0.27341103981784787,21,14,0,0,0,0,0,0,0,0,0,0,5,0.0,0.23809523809523808,0.0,3.5585186130489053,0
https://www.flexterracorp.com/,0,1,false_positive,0.544374487356172,30,21,1,0,0,0,1,1,0,0,0,0,6,0.0,0.2,0.0,3.9395722619867226,0
https://www.auburnschools.org/,0,1,false_positive,0.544374487356172,30,21,1,0,0,0,1,1,0,0,0,0,6,0.0,0.2,0.0,3.9395722619867226,0
https://bsguji.com/jp/,1,0,false_negative,0.3586228858324276,22,10,4,0,1,0,0,1,0,0,0,0,6,0.0,0.2727272727272727,0.0,3.732158891364569,0
https://www.livanova.com/en-US/,0,1,false_positive,0.5147302328683059,31,16,7,0,1,0,1,1,0,0,0,0,8,0.0,0.25806451612903225,0.0,4.155651552252569,0
https://www.chestercountyhospital.org/,0,1,false_positive,0.7517056761314684,38,29,1,0,0,0,1,1,0,0,0,0,6,0.0,0.15789473684210525,0.0,4.05360967172637,0
https://ncsacw.samhsa.gov/technical/cam.aspx?id=53,0,1,false_positive,0.511748299619074,50,17,19,5,2,1,1,1,0,0,1,2,10,0.04,0.2,0.0,4.263981820580905,0
http://www.tofq.exytrie.es/,1,0,false_negative,0.0027132848644495296,27,19,1,0,0,0,2,0,0,0,0,0,7,0.0,0.25925925925925924,0.0,3.754163427768882,0
https://www.rockefellerfoundation.org/,0,1,false_positive,0.857727248680446,38,29,1,0,0,0,1,1,0,0,0,0,6,0.0,0.15789473684210525,0.0,4.201231789474708,0
https://www.sachtleben-bergbau.de/,0,1,false_positive,0.7955885895348044,34,25,1,0,0,0,1,1,0,0,0,0,7,0.0,0.20588235294117646,0.0,4.057476076289931,0
https://www.konrad-fischer.com/,0,1,false_positive,0.7796779030349699,31,22,1,0,0,0,1,1,0,0,0,0,7,0.0,0.22580645161290322,0.0,4.195816471537619,0
https://www.bancoschil.world/cl,1,0,false_negative,0.4866683612600984,31,20,3,0,1,0,1,1,0,0,0,0,6,0.0,0.1935483870967742,0.0,3.9134007456613777,0
https://www.tulalipfoundation.org/,0,1,false_positive,0.639318255264786,34,25,1,0,0,0,1,1,0,0,0,0,6,0.0,0.17647058823529413,0.0,4.020855120471211,0
https://bst.aero/?v=c86ee0d9d7ed,0,1,false_positive,0.7532405799481465,32,8,1,14,0,1,0,1,0,0,1,5,7,0.15625,0.21875,0.0,4.241729296672174,0
http://cuo1.weebly.com/,1,0,false_negative,0.032974383125384046,23,15,1,0,0,0,1,0,0,0,0,1,6,0.043478260869565216,0.2608695652173913,0.06666666666666667,3.882045108136863,0
https://www.whats-zor.vip/,1,0,false_negative,0.28422930611438163,26,17,1,0,0,0,1,1,0,0,0,0,7,0.0,0.2692307692307692,0.0,3.7192945256669785,0
https://cnrss.weebly.com/,1,0,false_negative,0.4260235569419446,25,16,1,0,0,0,1,1,0,0,0,0,6,0.0,0.24,0.0,3.9434651896016457,0
https://www.facinghistory.org/,0,1,false_positive,0.5915114969767088,30,21,1,0,0,0,1,1,0,0,0,0,6,0.0,0.2,0.0,3.9647351787255047,0
https://www.inserm-u1000.u-psud.fr/,0,1,false_positive,0.6457567600939899,35,26,1,0,0,0,2,1,0,0,0,4,9,0.11428571428571428,0.2571428571428571,0.15384615384615385,4.085588016574086,0
https://www.alaskawomenscancercare.com/,0,1,false_positive,0.6854657205425504,39,30,1,0,0,0,1,1,0,0,0,0,6,0.0,0.15384615384615385,0.0,3.9040098347359096,0
https://www.josefshospital-cloppenburg.de/,0,1,false_positive,0.9237601026636636,42,33,1,0,0,0,1,1,0,0,0,0,7,0.0,0.16666666666666666,0.0,4.3024498629973955,0
https://www.marben-products.com/,0,1,false_positive,0.8186232835768638,32,23,1,0,0,0,1,1,0,0,0,0,7,0.0,0.21875,0.0,4.116729296672174,0
https://www.encompasshealth.com/locations/cardinalhillrehab,0,1,false_positive,0.567655886433768,59,23,28,0,2,0,1,1,0,0,0,0,7,0.0,0.11864406779661017,0.0,4.090293795771088,0
https://ikaria-culture.samos.gr/recipscheduledrn/mngmtg.php,1,0,false_negative,0.33707056358326826,59,23,28,0,2,0,1,1,0,0,0,0,9,0.0,0.15254237288135594,0.0,4.261477956281424,0
https://www.groupeginger.com/en/about-us/dna/,0,1,false_positive,0.7027434850928693,45,20,17,0,3,0,1,1,0,0,0,0,10,0.0,0.2222222222222222,0.0,4.185320040341425,0
https://www.jldesmoines.org/,0,1,false_positive,0.6349561183590634,28,19,1,0,0,0,1,1,0,0,0,0,6,0.0,0.21428571428571427,0.0,4.01218840396866,0
https://www.publicknowledge.org/,0,1,false_positive,0.8283007434263503,32,23,1,0,0,0,1,1,0,0,0,0,6,0.0,0.1875,0.0,4.163909765557392,0
https://www.institut-merieux.com/en/home/,0,1,false_positive,0.5417110214043502,41,24,9,0,2,0,1,1,0,0,0,0,9,0.0,0.21951219512195122,0.0,3.955504603267742,0
https://www.tissuedynamics.com/,0,1,false_positive,0.6206704511774932,31,22,1,0,0,0,1,1,0,0,0,0,6,0.0,0.1935483870967742,0.0,3.9779168746936353,0
https://l.bahernpost.cc/,1,0,false_negative,0.06296494833616248,24,15,1,0,0,0,1,1,0,0,0,0,6,0.0,0.25,0.0,3.772055208874201,0
https://www.cartes-bancaires.com/,0,1,false_positive,0.7467513976248155,33,24,1,0,0,0,1,1,0,0,0,0,7,0.0,0.21212121212121213,0.0,3.998050937146914,0
https://www.plasmology4.com/,0,1,false_positive,0.8039464503066559,28,19,1,0,0,0,1,1,0,0,0,1,6,0.03571428571428571,0.21428571428571427,0.05263157894736842,3.869331261111518,0
https://www.santafe.gov.ar/index.php/web/content/view/full/242164/,0,1,false_positive,0.640038988513148,66,18,40,0,6,0,1,1,0,0,0,6,14,0.09090909090909091,0.21212121212121213,0.0,4.425181673288483,0
https://www.vetter-pharma.com/en,0,1,false_positive,0.6406356674523517,32,21,3,0,1,0,1,1,0,0,0,0,7,0.0,0.21875,0.0,3.9292292966721747,0
https://www.hikari-giken.com/,0,1,false_positive,0.7150378564475922,29,20,1,0,0,0,1,1,0,0,0,0,7,0.0,0.2413793103448276,0.0,4.090234012145145,0
https://www.fightingblindness.ie/,0,1,false_positive,0.5083944286570786,33,24,1,0,0,0,1,1,0,0,0,0,6,0.0,0.18181818181818182,0.0,3.8391081341821707,0
http://baahskdndnxnshwhehe.com,1,0,false_negative,0.18008621711383302,30,23,0,0,0,0,0,0,0,0,0,0,4,0.0,0.13333333333333333,0.0,3.9614063297218425,0
https://www.heidehof-stiftung.de/,0,1,false_positive,0.7557098021678064,33,24,1,0,0,0,1,1,0,0,0,0,7,0.0,0.21212121212121213,0.0,3.9225895736416696,0
https://www.caritasklinikum.de/,0,1,false_positive,0.7751903966093743,31,22,1,0,0,0,1,1,0,0,0,0,6,0.0,0.1935483870967742,0.0,4.082597923010943,0
https://www.biedermann.com/,0,1,false_positive,0.6627657473659881,27,18,1,0,0,0,1,1,0,0,0,0,6,0.0,0.2222222222222222,0.0,4.032303242743954,0
https://teewmdm.weebly.com/,1,0,false_negative,0.22454464197700058,27,18,1,0,0,0,1,1,0,0,0,0,6,0.0,0.2222222222222222,0.0,3.7821222241453065,0
https://www.labex-icst.fr/fr,0,1,false_positive,0.5070809904321416,28,17,3,0,1,0,1,1,0,0,0,0,7,0.0,0.25,0.0,4.012188403968661,0
https://www.verloskunde-academie.nl/,0,1,false_positive,0.862980722825896,36,27,1,0,0,0,1,1,0,0,0,0,7,0.0,0.19444444444444445,0.0,4.294653473544341,0
https://en.colegioarula.com/,0,1,false_positive,0.6707110314738384,28,19,1,0,0,0,1,1,0,0,0,0,6,0.0,0.21428571428571427,0.0,4.039148671903072,0
https://acurast-rpc.pages.dev/,1,0,false_negative,0.4631575441637822,30,21,1,0,0,0,1,1,0,0,0,0,7,0.0,0.23333333333333334,0.0,3.8477426785812736,0
https://www.cryomagnetics.com/,0,1,false_positive,0.6402723747364852,30,21,1,0,0,0,1,1,0,0,0,0,6,0.0,0.2,0.0,4.0062389286533895,0
https://www.tropicalmarinecentre.co.uk/en/highlights,0,1,false_positive,0.5435338975543754,52,30,14,0,2,0,1,1,0,0,0,0,8,0.0,0.15384615384615385,0.0,4.1738228338092815,0
https://atos.net/sk/slovensko,0,1,false_positive,0.6350181582009198,29,8,13,0,2,0,0,1,0,0,0,0,6,0.0,0.20689655172413793,0.0,3.5350662373137696,0
https://ipsen-pharma.de/,0,1,false_positive,0.769440192939593,24,15,1,0,0,0,0,1,0,0,0,0,6,0.0,0.25,0.0,3.772055208874201,0
https://www.hendersoncountync.gov/library,0,1,false_positive,0.8577962780663091,41,25,8,0,1,0,1,1,0,0,0,0,6,0.0,0.14634146341463414,0.0,4.289882797037173,0
https://www.ibe-ludwigshafen.de/,0,1,false_positive,0.8073427553622251,32,23,1,0,0,0,1,1,0,0,0,0,7,0.0,0.21875,0.0,4.077819531114783,0
https://www.terraamericanart.org/,0,1,false_positive,0.5071745946750394,33,24,1,0,0,0,1,1,0,0,0,0,6,0.0,0.18181818181818182,0.0,3.7983512260625822,0
https://www.geturboprops.com/cz/uvod,0,1,false_positive,0.6071902456203914,36,20,8,0,2,0,1,1,0,0,0,0,7,0.0,0.19444444444444445,0.0,4.0514621540398,0
https://www.ifexcapital.com/,1,0,false_negative,0.4964637373067225,28,19,1,0,0,0,1,1,0,0,0,0,6,0.0,0.21428571428571427,0.0,3.9407598325400897,0
https://www.learningovations.com/,0,1,false_positive,0.7812869465780148,33,24,1,0,0,0,1,1,0,0,0,0,6,0.0,0.18181818181818182,0.0,4.081532376606414,0
https://wwwqnbcekilis.click/,1,0,false_negative,0.2829350193098674,28,19,1,0,0,0,0,1,0,0,0,0,5,0.0,0.17857142857142858,0.0,3.842370993177109,0
https://www.americanactionforum.org/,0,1,false_positive,0.7989828666971668,36,27,1,0,0,0,1,1,0,0,0,0,6,0.0,0.16666666666666666,0.0,4.099665973303956,0
https://green-technology.org/,0,1,false_positive,0.7919120750569074,29,20,1,0,0,0,0,1,0,0,0,0,6,0.0,0.20689655172413793,0.0,3.83127625337525,0
https://www.graadburkina.org/,0,1,false_positive,0.6516318728824999,29,20,1,0,0,0,1,1,0,0,0,0,6,0.0,0.20689655172413793,0.0,3.995237891380887,0
https://www.morleylibrary.org/,0,1,false_positive,0.6366100259824843,30,21,1,0,0,0,1,1,0,0,0,0,6,0.0,0.2,0.0,3.9898980954642873,0
https://www.allinahealth.org/New-Ulm-Medical-Center/,0,1,false_positive,0.5296444210712338,52,20,24,0,1,0,1,1,0,0,0,0,10,0.0,0.19230769230769232,0.0,4.301804026733389,0
https://www.idfishtechnology.com/,0,1,false_positive,0.7812869465780148,33,24,1,0,0,0,1,1,0,0,0,0,6,0.0,0.18181818181818182,0.0,4.081532376606413,0
https://www.frontlinemedical.com/,0,1,false_positive,0.7996982916805463,33,24,1,0,0,0,1,1,0,0,0,0,6,0.0,0.18181818181818182,0.0,4.12728313431329,0
https://www.hazenandsawyer.com/,0,1,false_positive,0.6304426167174922,31,22,1,0,0,0,1,1,0,0,0,0,6,0.0,0.1935483870967742,0.0,4.0022680844408445,0
https://www.speechandstuttering.com/,0,1,false_positive,0.6981949000677438,36,27,1,0,0,0,1,1,0,0,0,0,6,0.0,0.16666666666666666,0.0,4.041336376912015,0
https://www.middletonspectral.com/,0,1,false_positive,0.6644283914539112,34,25,1,0,0,0,1,1,0,0,0,0,6,0.0,0.17647058823529413,0.0,4.043057694064253,0
https://www.artinstitutes.edu/indianapolis,0,1,false_positive,0.596388149002967,42,21,13,0,1,0,1,1,0,0,0,0,6,0.0,0.14285714285714285,0.0,3.8651991968878643,0
https://www.agentschaptelecom.nl/,0,1,false_positive,0.5518412201996189,33,24,1,0,0,0,1,1,0,0,0,0,6,0.0,0.18181818181818182,0.0,3.8848588918890474,0
https://www.int-ads-soc.org/,0,1,false_positive,0.6196442353205087,28,19,1,0,0,0,1,1,0,0,0,0,8,0.0,0.2857142857142857,0.0,3.91379956460568,0
https://www.stoller-dresden.de/,0,1,false_positive,0.5150508401178411,31,22,1,0,0,0,1,1,0,0,0,0,7,0.0,0.22580645161290322,0.0,3.7356660681024443,0
https://omgpu.ru/omgpu-segodnya,0,1,false_positive,0.8973799268980792,31,8,15,0,1,0,0,1,0,0,0,0,6,0.0,0.1935483870967742,0.0,3.9937305842314763,0
https://www.artinstitutes.edu/miami/,0,1,false_positive,0.5232543510097935,36,21,7,0,1,0,1,1,0,0,0,0,7,0.0,0.19444444444444445,0.0,3.752715278979704,0
https://www.unitedwaygreaternashville.org/,0,1,false_positive,0.8857185347704025,42,33,1,0,0,0,1,1,0,0,0,0,6,0.0,0.14285714285714285,0.0,4.147920696433751,0
https://www.niadynepharma.com/,0,1,false_positive,0.650678420920693,30,21,1,0,0,0,1,1,0,0,0,0,6,0.0,0.2,0.0,4.031401845392171,0
https://goodpupfood.com/goodpupffods/exnestexeaxlesuperrorcertreloader-eupservers/he-opas.html,1,0,false_negative,0.16535250266286147,94,15,71,0,3,0,0,1,0,0,0,0,10,0.0,0.10638297872340426,0.0,4.10337281413109,0
https://www.mdc-berlin.de/,0,1,false_positive,0.502434034151883,26,17,1,0,0,0,1,1,0,0,0,0,7,0.0,0.2692307692307692,0.0,4.026986833359286,0
https://www.educationdevelopmenttrust.com/,0,1,false_positive,0.8403331516141955,42,33,1,0,0,0,1,1,0,0,0,0,6,0.0,0.14285714285714285,0.0,4.111973672521204,0
https://www.synaptivemedical.com/,0,1,false_positive,0.7996982916805463,33,24,1,0,0,0,1,1,0,0,0,0,6,0.0,0.18181818181818182,0.0,4.1272831343132905,0
https://qwqweee.weebly.com/,1,0,false_negative,0.221140699325335,27,18,1,0,0,0,1,1,0,0,0,0,6,0.0,0.2222222222222222,0.0,3.750464706653701,0
https://www.regione.fvg.it/rafvg/cms/RAFVG/,0,1,false_positive,0.5357372886432505,43,18,17,0,3,0,2,1,0,0,0,0,10,0.0,0.23255813953488372,0.0,4.344187428818822,0
https://www.nautilusventures.com/,0,1,false_positive,0.6714431911746892,33,24,1,0,0,0,1,1,0,0,0,0,6,0.0,0.18181818181818182,0.0,4.043801694853791,0
https://www.piacenzacashmere.com/,0,1,false_positive,0.6194923759344707,33,24,1,0,0,0,1,1,0,0,0,0,6,0.0,0.18181818181818182,0.0,3.960320255394292,0
https://www.fracturedatlas.org/,0,1,false_positive,0.5703277737342983,31,22,1,0,0,0,1,1,0,0,0,0,6,0.0,0.1935483870967742,0.0,3.9535656649464266,0
http://sctvadao.pages.dev/,1,0,false_negative,0.010139686666307683,26,18,1,0,0,0,1,0,0,0,0,0,6,0.0,0.23076923076923078,0.0,3.690260390968384,0
https://www.globalwildlife.org/,0,1,false_positive,0.5914762217198198,31,22,1,0,0,0,1,1,0,0,0,0,6,0.0,0.1935483870967742,0.0,3.962103165155795,0
https://www.gov.mo/en/services/ps-1578/,0,1,false_positive,0.7025395784496784,39,10,21,0,3,0,0,1,0,0,0,4,10,0.10256410256410256,0.2564102564102564,0.0,4.182336834024969,0
https://immuno-technologies-inc.myshopify.com/,0,1,false_positive,0.9573932439588563,46,37,1,0,0,0,1,1,0,0,0,0,8,0.0,0.17391304347826086,0.0,4.085758358504457,0
https://www.smartvisionworks.com/,0,1,false_positive,0.5518412201996189,33,24,1,0,0,0,1,1,0,0,0,0,6,0.0,0.18181818181818182,0.0,3.884858891889047,0
https://healthcare.ascension.org/Locations/Michigan/MIDET/Southfield-Ascension-Providence-Hospital-Southfield-Campus?_ga=2.142884275.787900410.1570527361-558817569.1570527361,0,1,false_positive,0.94226788926575,174,24,84,57,4,1,1,1,0,0,1,48,22,0.27586206896551724,0.12643678160919541,0.0,5.1459600915426345,0
https://www.railslibraries.info/,0,1,false_positive,0.5329304572429509,32,23,1,0,0,0,1,1,0,0,0,0,6,0.0,0.1875,0.0,3.9056390622295662,0
https://www.vita-zahnfabrik.com/,0,1,false_positive,0.8432183007001813,32,23,1,0,0,0,1,1,0,0,0,0,7,0.0,0.21875,0.0,4.218139062229566,0
https://www.virginiamason.org/body.cfm?id=8905&fr=true,0,1,false_positive,0.6331541120187014,54,21,9,15,1,2,1,1,0,0,1,4,11,0.07407407407407407,0.2037037037037037,0.0,4.722027548259444,0
https://csiropedia.csiro.au/ecosystems-sciences/,0,1,false_positive,0.5360178138551419,48,19,21,0,1,0,1,1,0,0,0,0,8,0.0,0.16666666666666666,0.0,3.903107168362811,0
https://f1porto.com.br/cgi/,1,0,false_negative,0.3749676311978394,27,14,5,0,1,0,0,1,0,0,0,1,7,0.037037037037037035,0.25925925925925924,0.07142857142857142,3.810081020521731,0
https://www.blemlook-zee.com.ng/n/,1,0,false_negative,0.1885323448124955,34,23,3,0,1,0,1,1,0,0,0,0,9,0.0,0.2647058823529412,0.0,4.057476076289932,0
https://ppo.nnh.mybluehost.me/NO/AutoPASS/,1,0,false_negative,0.3874585210223546,42,21,13,0,2,0,2,1,0,0,0,0,9,0.0,0.21428571428571427,0.0,4.139241458895649,0
https://irishculturalcentre.co.uk/,0,1,false_positive,0.5325633061190658,34,25,1,0,0,0,0,1,0,0,0,0,6,0.0,0.17647058823529413,0.0,3.939829017466402,0
https://www.richmondfed.org/,0,1,false_positive,0.6707110314738384,28,19,1,0,0,0,1,1,0,0,0,0,6,0.0,0.21428571428571427,0.0,4.039148671903071,0
https://lllbusi.weebly.com/,1,0,false_negative,0.37860346569217024,27,18,1,0,0,0,1,1,0,0,0,0,6,0.0,0.2222222222222222,0.0,3.9121138909722304,0
http://bodamnhattam.com/memx/force_login/,1,0,false_negative,0.42812934955385645,41,16,18,0,2,0,0,0,0,0,0,0,8,0.0,0.1951219512195122,0.0,4.089889359470838,1
https://www.seretechinnovation.com/,0,1,false_positive,0.6606855377405928,35,26,1,0,0,0,1,1,0,0,0,0,6,0.0,0.17142857142857143,0.0,3.9357276594930415,0
http://newrelice.com,1,0,false_negative,0.18893397908671303,20,13,0,0,0,0,0,0,0,0,0,0,4,0.0,0.2,0.0,3.7841837197791888,0
https://bnauth-click.zya.me,1,0,false_negative,0.36386249458507736,27,19,0,0,0,0,1,1,0,0,0,0,6,0.0,0.2222222222222222,0.0,4.208410187268527,0
https://klarnch.web.app/,1,0,false_negative,0.08945584735892098,24,15,1,0,0,0,1,1,0,0,0,0,6,0.0,0.25,0.0,3.8553885422075345,0
https://www.savannahlawschool.org/,0,1,false_positive,0.5185426828784726,34,25,1,0,0,0,1,1,0,0,0,0,6,0.0,0.17647058823529413,0.0,3.8221819586428727,0
https://www.krebsforschung.ch/,0,1,false_positive,0.6402723747364852,30,21,1,0,0,0,1,1,0,0,0,0,6,0.0,0.2,0.0,4.0062389286533895,0
https://cagno.org/wp/,0,1,false_positive,0.7301209710226125,21,9,4,0,1,0,0,1,0,0,0,0,6,0.0,0.2857142857142857,0.0,3.630412660873998,0
https://www.richard-carter.org/,0,1,false_positive,0.5505763337511876,31,22,1,0,0,0,1,1,0,0,0,0,7,0.0,0.22580645161290322,0.0,3.8614768593892226,0
https://gamesthatwork.com/home/,0,1,false_positive,0.7925744249768358,31,17,6,0,1,0,0,1,0,0,0,0,6,0.0,0.1935483870967742,0.0,3.7843684875968617,0
https://www.horizonblue.com/,0,1,false_positive,0.7764193116496546,28,19,1,0,0,0,1,1,0,0,0,0,6,0.0,0.21428571428571427,0.0,4.0836169753972325,0
https://www.metrisquare.net/metrisquare/,0,1,false_positive,0.5494983043377506,40,19,13,0,1,0,1,1,0,0,0,0,7,0.0,0.175,0.0,3.803701696057348,0
https://www.siobhandavies.com/,0,1,false_positive,0.650678420920693,30,21,1,0,0,0,1,1,0,0,0,0,6,0.0,0.2,0.0,4.031401845392171,0
http://fastswap-v2.vercel.app,1,0,false_negative,0.283170267405882,29,22,0,0,0,0,1,0,0,0,0,1,6,0.034482758620689655,0.20689655172413793,0.045454545454545456,3.909368063943885,0
https://www.gatewayshospital.org/,0,1,false_positive,0.5085315844945696,33,24,1,0,0,0,1,1,0,0,0,0,6,0.0,0.18181818181818182,0.0,3.824252831282987,0
https://www.kclj.si/index.php?dir=/pacienti_in_obiskovalci/klinike_in_oddelki/ocesna_klinika,0,1,false_positive,0.6563651515395403,92,11,10,62,1,1,1,1,0,0,1,0,17,0.0,0.18478260869565216,0.0,4.271286991364179,0
https://www.psychologische-hochschule.de/,0,1,false_positive,0.8164397922508937,41,32,1,0,0,0,1,1,0,0,0,0,7,0.0,0.17073170731707318,0.0,3.930007492106357,0
https://connecticutsac.wixsite.com/sac1746,0,1,false_positive,0.9526808124744701,42,26,8,0,1,0,1,1,0,0,0,4,6,0.09523809523809523,0.14285714285714285,0.0,4.091622411276601,0
https://www.nuernberg.de/internet/stadtbibliothek/,0,1,false_positive,0.6316350412241919,50,16,26,0,2,0,1,1,0,0,0,0,8,0.0,0.16,0.0,4.008047190938307,0
https://www.tupperwarebrands.com/index,0,1,false_positive,0.8240019880799704,38,24,6,0,1,0,1,1,0,0,0,0,6,0.0,0.15789473684210525,0.0,4.14860021052734,0
https://www.emfoundation.org/,0,1,false_positive,0.7751785754292024,29,20,1,0,0,0,1,1,0,0,0,0,6,0.0,0.20689655172413793,0.0,4.064203408622266,0
https://www.compugraphics-photomasks.com/,0,1,false_positive,0.8611941964703574,41,32,1,0,0,0,1,1,0,0,0,0,7,0.0,0.17073170731707318,0.0,3.978787979911235,0
https://www.gezondheidsraad.nl/,0,1,false_positive,0.6536678983839647,31,22,1,0,0,0,1,1,0,0,0,0,6,0.0,0.1935483870967742,0.0,4.042433003725894,0
https://www.nafici-research.com/,0,1,false_positive,0.798969986156048,32,23,1,0,0,0,1,1,0,0,0,0,7,0.0,0.21875,0.0,4.054229296672174,0
https://www.instituteoflicensing.org/,0,1,false_positive,0.6442143854359071,37,28,1,0,0,0,1,1,0,0,0,0,6,0.0,0.16216216216216217,0.0,3.949204974194067,0
https://www.cambridgecollege.edu/,0,1,false_positive,0.8255542722216093,33,24,1,0,0,0,1,1,0,0,0,0,6,0.0,0.18181818181818182,0.0,4.150158513166729,0
http://scxy.org,0,1,false_positive,0.6892548433398399,15,8,0,0,0,0,0,0,0,0,0,0,4,0.0,0.26666666666666666,0.0,3.640223928941851,0
https://infostates.github.io/thewayshwwin.github.io/IONOSDE.html,1,0,false_negative,0.4909548697816843,64,20,36,0,2,0,1,1,0,0,0,0,10,0.0,0.15625,0.0,4.341578664259099,0
https://www.phelixtherapeutics.com/,0,1,false_positive,0.6794717855416286,35,26,1,0,0,0,1,1,0,0,0,0,6,0.0,0.17142857142857143,0.0,3.9928705166358984,0
https://www.alexandriava.gov/DCHS,0,1,false_positive,0.7550778100269173,33,20,5,0,1,0,1,1,0,0,0,0,6,0.0,0.18181818181818182,0.0,4.3319766949849114,0
http://www.a123systems.com,0,1,false_positive,0.6123158606673852,26,19,0,0,0,0,1,0,0,0,0,3,5,0.11538461538461539,0.19230769230769232,0.15789473684210525,3.921029621737614,0
https://www.philippinemedicalassociation.org/,0,1,false_positive,0.8586569268301694,45,36,1,0,0,0,1,1,0,0,0,0,6,0.0,0.13333333333333333,0.0,4.068761984833947,0
https://marwawater.com,1,0,false_negative,0.09145944013944529,22,14,0,0,0,0,0,1,0,0,0,0,4,0.0,0.18181818181818182,0.0,3.663532754804254,0
https://www.northeastmaritime.com/,0,1,false_positive,0.5129972079993538,34,25,1,0,0,0,1,1,0,0,0,0,6,0.0,0.17647058823529413,0.0,3.8558656947524805,0
https://www.scn2afoundation.org/,0,1,false_positive,0.9637708842618451,32,23,1,0,0,0,1,1,0,0,0,1,6,0.03125,0.1875,0.043478260869565216,4.069548827786958,0
https://www.analyskz.com/home,0,1,false_positive,0.5487625776438214,29,16,5,0,1,0,1,1,0,0,0,0,6,0.0,0.20689655172413793,0.0,4.0472990984266435,0
https://med.virginia.edu/cancer-research/,0,1,false_positive,0.5860660427038927,41,16,17,0,1,0,1,1,0,0,0,0,8,0.0,0.1951219512195122,0.0,4.043544614839371,0
https://ihre-radiologen.de/startseite/,0,1,false_positive,0.7947782384976673,38,18,12,0,1,0,0,1,0,0,0,0,7,0.0,0.18421052631578946,0.0,3.8404553172497944,0
https://www.boehringer-ingelheim.se/,0,1,false_positive,0.8022183315487917,36,27,1,0,0,0,1,1,0,0,0,0,7,0.0,0.19444444444444445,0.0,3.98578082135646,0
https://www.slocumfoundation.org/,0,1,false_positive,0.7996982916805463,33,24,1,0,0,0,1,1,0,0,0,0,6,0.0,0.18181818181818182,0.0,4.1272831343132905,0
https://www.talkingfingers.com/,0,1,false_positive,0.8217454420685404,31,22,1,0,0,0,1,1,0,0,0,0,6,0.0,0.1935483870967742,0.0,4.17146526179041,0
https://www.ludwigcancerresearch.org/location/oxford/,0,1,false_positive,0.7499692291403428,53,28,17,0,2,0,1,1,0,0,0,0,8,0.0,0.1509433962264151,0.0,4.197852833246203,0
https://www.healthright360.org/,0,1,false_positive,0.9586453858301922,31,22,1,0,0,0,1,1,0,0,0,3,6,0.0967741935483871,0.1935483870967742,0.13636363636363635,3.937751955408586,0
https://www.collegesummit.org/,0,1,false_positive,0.5915114969767088,30,21,1,0,0,0,1,1,0,0,0,0,6,0.0,0.2,0.0,3.9647351787255047,0
http://www.ens-louis-lumiere.fr,0,1,false_positive,0.6485084987481647,31,24,0,0,0,0,1,0,0,0,0,0,7,0.0,0.22580645161290322,0.0,4.0667842134731025,0
https://www.pole-emploi.fr/accueil/,0,1,false_positive,0.5405559313305092,35,18,9,0,1,0,1,1,0,0,0,0,8,0.0,0.22857142857142856,0.0,4.071581588126284,0
https://www.addisonlibrary.org/,0,1,false_positive,0.6536678983839647,31,22,1,0,0,0,1,1,0,0,0,0,6,0.0,0.1935483870967742,0.0,4.042433003725894,0
https://www.eurocontrol.int/articles/france,0,1,false_positive,0.6274660237242673,43,19,16,0,2,0,1,1,0,0,0,0,7,0.0,0.16279069767441862,0.0,3.9987280573706054,0
http://andres823arehy.hstn.me/,1,0,false_negative,0.32963625170173655,30,22,1,0,0,0,1,0,0,0,0,3,6,0.1,0.2,0.13636363636363635,3.9395722619867226,0
https://prayersfrommaria.org/#1,0,1,false_positive,0.7129570260171775,31,20,1,0,0,0,0,1,0,0,0,1,6,0.03225806451612903,0.1935483870967742,0.0,3.9503441981686893,0
https://www.stadtwerke-dinslaken.de/,0,1,false_positive,0.7951189575435322,36,27,1,0,0,0,1,1,0,0,0,0,7,0.0,0.19444444444444445,0.0,3.8847954873731334,0
https://evk-ge.meinediakonie.de/,0,1,false_positive,0.7358246672359907,32,23,1,0,0,0,1,1,0,0,0,0,7,0.0,0.21875,0.0,3.9056390622295662,0
https://home.trc.gov.om/tabid/40/language/en-US/Default.aspx,0,1,false_positive,0.5115565643373067,60,15,37,0,5,0,1,1,0,0,0,2,13,0.03333333333333333,0.21666666666666667,0.0,4.533881588815122,0
https://www.klinikum-os.de/,0,1,false_positive,0.5734567393172767,27,18,1,0,0,0,1,1,0,0,0,0,7,0.0,0.25925925925925924,0.0,4.032303242743954,0
https://mbbuniversity.ac.in/,0,1,false_positive,0.5065295500210445,28,19,1,0,0,0,0,1,0,0,0,0,6,0.0,0.21428571428571427,0.0,4.012188403968661,0
https://www.colonielibrary.org/?page_id=6377,0,1,false_positive,0.7461573798865636,44,22,1,12,0,1,1,1,0,0,1,4,9,0.09090909090909091,0.20454545454545456,0.0,4.555467129755084,0
https://www.fresenius-kabi.com/in/,0,1,false_positive,0.6300689894511201,34,22,4,0,1,0,1,1,0,0,0,0,8,0.0,0.23529411764705882,0.0,4.197325708706504,0
https://www.gov.ie/en/organisation/department-of-health/?referrer=/,0,1,false_positive,0.5435796329139273,67,10,38,10,3,1,0,1,0,0,1,0,14,0.0,0.208955223880597,0.0,4.201377295389898,0
https://www.accenture.com/us-en,0,1,false_positive,0.518208223132879,31,17,6,0,1,0,1,1,0,0,0,0,7,0.0,0.22580645161290322,0.0,3.9292144551992183,0
https://www.gov.il/en/departments/ministry_of_energy,0,1,false_positive,0.6743540005676917,52,10,34,0,3,0,0,1,0,0,0,0,10,0.0,0.19230769230769232,0.0,4.241815267526394,0
https://erudite.univ-paris-est.fr,0,1,false_positive,0.7231948958283136,33,25,0,0,0,0,1,1,0,0,0,0,7,0.0,0.21212121212121213,0.0,3.9225895736416696,0
https://www.ufdvirtual.mx/,0,1,false_positive,0.5977872496056502,26,17,1,0,0,0,1,1,0,0,0,0,6,0.0,0.23076923076923078,0.0,3.997952698660691,0
https://jup-drop.com,1,0,false_negative,0.06959846762215938,20,12,0,0,0,0,0,1,0,0,0,0,5,0.0,0.25,0.0,3.7841837197791888,0
https://www.iridiumkankernetwerk.be/,0,1,false_positive,0.6729359484555821,36,27,1,0,0,0,1,1,0,0,0,0,6,0.0,0.16666666666666666,0.0,3.9539684039196077,0
https://www.frontierscience.org/,0,1,false_positive,0.5210008299071903,32,23,1,0,0,0,1,1,0,0,0,0,6,0.0,0.1875,0.0,3.882048827786958,0
https://www.fundacioncristinamasaveu.com/,0,1,false_positive,0.8835958297475911,41,32,1,0,0,0,1,1,0,0,0,0,6,0.0,0.14634146341463414,0.0,4.155498040834076,0
https://www.pnc.com/en/personal-banking.html,0,1,false_positive,0.6452158657865585,44,11,25,0,2,0,1,1,0,0,0,0,9,0.0,0.20454545454545456,0.0,4.217859107657962,1
https://interiakastliveretsbrokeers.com/,1,0,false_negative,0.474024571112751,40,31,1,0,0,0,0,1,0,0,0,0,5,0.0,0.125,0.0,3.9537016960573474,0
https://www.kingscollegecharlotte.edu/,0,1,false_positive,0.8381008308269297,38,29,1,0,0,0,1,1,0,0,0,0,6,0.0,0.15789473684210525,0.0,4.13569955274647,0
https://www.immunochemistry.com/,0,1,false_positive,0.5388093888605007,32,23,1,0,0,0,1,1,0,0,0,0,6,0.0,0.1875,0.0,3.9292292966721747,0
https://www.blackwomenphysicians.org/,0,1,false_positive,0.8572776068850672,37,28,1,0,0,0,1,1,0,0,0,0,6,0.0,0.16216216216216217,0.0,4.249729716863358,0
https://www.hospiceofdayton.org/,0,1,false_positive,0.7342397687282812,32,23,1,0,0,0,1,1,0,0,0,0,6,0.0,0.1875,0.0,4.054229296672174,0
https://app.biarevalida.digital,1,0,false_negative,0.20756741782348256,31,23,0,0,0,0,1,1,0,0,0,0,5,0.0,0.16129032258064516,0.0,3.756795811071915,0
https://www.nuffieldhealth.com/hospitals/wolverhampton,0,1,false_positive,0.6465310782287149,54,22,24,0,2,0,1,1,0,0,0,0,7,0.0,0.12962962962962962,0.0,4.1949091510981455,0
https://www.azotictechnologies.com/,0,1,false_positive,0.6794717855416286,35,26,1,0,0,0,1,1,0,0,0,0,6,0.0,0.17142857142857143,0.0,3.9788640881880966,0
https://hud.bzx.mybluehost.me/,1,0,false_negative,0.15495656592317986,30,21,1,0,0,0,2,1,0,0,0,0,7,0.0,0.23333333333333334,0.0,3.9395722619867226,0
https://www.onto-technology.com/,0,1,false_positive,0.6825275566790081,32,23,1,0,0,0,1,1,0,0,0,0,7,0.0,0.21875,0.0,3.8400182662886326,0
